sequence_id	sequence	rev_comp	productive	vj_in_frame	stop_codon	locus	v_call	d_call	j_call	c_call	sequence_alignment	germline_alignment	junction	junction_aa	v_cigar	d_cigar	j_cigar	c_cigar	v_sequence_start	v_sequence_end	v_germline_start	v_germline_end	d_sequence_start	d_sequence_end	d_germline_start	d_germline_end	j_sequence_start	j_sequence_end	j_germline_start	j_germline_end	c_sequence_start	c_sequence_end	junction_length	np1_length	np2_length	consensus_count	duplicate_count	cell_id	sample_id
ACACCCTCATATACCG-1_contig_1	TGGGGGAAATACATCAGATCAGCATGGGCATCAAGATGGAGTCACAGACTCAGGTCTTTGTATACATGTTGCTGTGGTTGTCTGGTGTTGATGGAGACATTGTGATGACCCAGTCTCAAAAATTCATGTCCACATCAGTAGGAGACAGGGTCAGCGTCACCTGCAAGGCCAGTCAGAATGTGGGTACTAATGTAGCCTGGTATCAACAGAAACCAGGGCAATCTCCTAAAGCACTGATTTACTCGGCATCCTACCGGTACAGTGGAGTCCCTGATCGCTTCACAGGCAGTGGATCTGGGACAGATTTCACTCTCACCATCAGCAATGTGCAGTCTGAAGACTTGGCAGAGTATTTCTGTCAGCAATATAACAGCTATCCGTACACGTTCGGAGGGGGGACCAAGCTGGAAATAAAACGGGCTGATGCTGCACCAACTGTATCCATCTTCCCACCATCCAGTGAGCAGTTAACATCTGGAGGTGCCTCAGTCGTGTGCTTC	F	T	T	F	IGK	IGKV6-15*01		IGKJ2*01	IGKC	GACATTGTGATGACCCAGTCTCAAAAATTCATGTCCACATCAGTAGGAGACAGGGTCAGCGTCACCTGCAAGGCCAGTCAGAATGTG..................GGTACTAATGTAGCCTGGTATCAACAGAAACCAGGGCAATCTCCTAAAGCACTGATTTACTCGGCA.....................TCCTACCGGTACAGTGGAGTCCCT...GATCGCTTCACAGGCAGTGGA......TCTGGGACAGATTTCACTCTCACCATCAGCAATGTGCAGTCTGAAGACTTGGCAGAGTATTTCTGTCAGCAATATAACAGCTATCCGTACACGTTCGGAGGGGGGACCAAGCTGGAAATAAAAC	GACATTGTGATGACCCAGTCTCAAAAATTCATGTCCACATCAGTAGGAGACAGGGTCAGCGTCACCTGCAAGGCCAGTCAGAATGTG..................GGTACTAATGTAGCCTGGTATCAACAGAAACCAGGGCAATCTCCTAAAGCACTGATTTACTCGGCA.....................TCCTACCGGTACAGTGGAGTCCCT...GATCGCTTCACAGGCAGTGGA......TCTGGGACAGATTTCACTCTCACCATCAGCAATGTGCAGTCTGAAGACTTGGCAGAGTATTTCTGTCAGCAATATAACAGCTATCCGTACACGTTCGGAGGGGGGACCAAGCTGGAAATAAAAC	TGTCAGCAATATAACAGCTATCCGTACACGTTC	CQQYNSYPYTF	95S284=		379S1N38=	417S83M	96	379	1	332					380	417	2	39	418	500	33	0		971	8	ACACCCTCATATACCG-1	input_id_2
ACCTTTATCTCGGACG-1_contig_1	ACTGATCACTCTCCTATGTTCATTTCCTCAAAATGATGAGTCCTGCCCAGTTCCTGTTTCTGTTAGTGCTCTGGATTCGGGAAACCAACGGTGATGTTGTGATGACCCAGACTCCACTCACTTTGTCGGTTACCATTGGACAACCAGCCTCCATCTCTTGCAAGTCAAGTCAGAGCCTCTTAGATAGTGATGGAAAGACATATTTGAATTGGTTGTTACAGAGGCCAGGCCAGTCTCCAAAGCGCCTAATCTATCTGGTGTCTAAACTGGACTCTGGAGTCCCTGACAGGTTCACTGGCAGTGGATCAGGGACAGATTTCACACTGAAAATCAGCAGAGTGGAGGCTGAGGATTTGGGAGTTTATTATTGCTGGCAAGGTACACATTTTCCGTGGACGTTCGGTGGAGGCACCAAGCTGGAAATCAAACGGGCTGATGCTGCACCAACTGTATCCATCTTCCCACCATCCAGTGAGCAGTTAACATCTGGAGGTGCCTCAGTCGTGTGCTTC	F	T	T	F	IGK	IGKV1-135*01		IGKJ1*01	IGKC	GATGTTGTGATGACCCAGACTCCACTCACTTTGTCGGTTACCATTGGACAACCAGCCTCCATCTCTTGCAAGTCAAGTCAGAGCCTCTTAGATAGT...GATGGAAAGACATATTTGAATTGGTTGTTACAGAGGCCAGGCCAGTCTCCAAAGCGCCTAATCTATCTGGTG.....................TCTAAACTGGACTCTGGAGTCCCT...GACAGGTTCACTGGCAGTGGA......TCAGGGACAGATTTCACACTGAAAATCAGCAGAGTGGAGGCTGAGGATTTGGGAGTTTATTATTGCTGGCAAGGTACACATTTTCCGTGGACGTTCGGTGGAGGCACCAAGCTGGAAATCAAAC	GATGTTGTGATGACCCAGACTCCACTCACTTTGTCGGTTACCATTGGACAACCAGCCTCCATCTCTTGCAAGTCAAGTCAGAGCCTCTTAGATAGT...GATGGAAAGACATATTTGAATTGGTTGTTACAGAGGCCAGGCCAGTCTCCAAAGCGCCTAATCTATCTGGTG.....................TCTAAACTGGACTCTGGAGTCCCT...GACAGGTTCACTGGCAGTGGA......TCAGGGACAGATTTCACACTGAAAATCAGCAGAGTGGAGGCTGAGGATTTGGGAGTTTATTATTGCTGGCAAGGTACACATTTTCCGTGGACGTTCGGTGGAGGCACCAAGCTGGAAATCAAAC	TGCTGGCAAGGTACACATTTTCCGTGGACGTTC	CWQGTHFPWTF	92S299=		391S38=	429S83M	93	391	1	332					392	429	1	38	430	512	33	0		477	4	ACCTTTATCTCGGACG-1	input_id_2
ACGGGCTAGGCTCAGA-1_contig_1	TGGGGACTTTTGACTCACCATATCAAGTTCGCAGAATGAGGTTCTCTGCTCAGCTTCTGGGGCTGCTTGTGCTCTGGATCCCTGGATCCACTGCAGATATTGTGATGACGCAGGCTGCATTCTCCAATCCAGTCACTCTTGGAACATCAGCTTCCATCTCCTGCAGGTCTAGTAAGAGTCTCCTACATAGTAATGGCATCACTTATTTGTATTGGTATCTGCAGAAGCCAGGCCAGTCTCCTCAGCTCCTGATTTATCAGATGTCCAACCTTGCCTCAGGAGTCCCAGACAGGTTCAGTAGCAGTGGGTCAGGAACTGATTTCACACTGAGAATCAGCAGAGTGGAGGCTGAGGATGTGGGTGTTTATTACTGTGCTCAAAATCTAGAACTTCCGTACACGTTCGGAGGGGGGACCAAGCTGGAAATAAAACGGGCTGATGCTGCACCAACTGTATCCATCTTCCCACCATCCAGTGAGCAGTTAACATCTGGAGGTGCCTCAGTCGTGTGCTTC	F	T	T	F	IGK	IGKV2-109*01		IGKJ2*01	IGKC	GATATTGTGATGACGCAGGCTGCATTCTCCAATCCAGTCACTCTTGGAACATCAGCTTCCATCTCCTGCAGGTCTAGTAAGAGTCTCCTACATAGT...AATGGCATCACTTATTTGTATTGGTATCTGCAGAAGCCAGGCCAGTCTCCTCAGCTCCTGATTTATCAGATG.....................TCCAACCTTGCCTCAGGAGTCCCA...GACAGGTTCAGTAGCAGTGGG......TCAGGAACTGATTTCACACTGAGAATCAGCAGAGTGGAGGCTGAGGATGTGGGTGTTTATTACTGTGCTCAAAATCTAGAACTTCCGTACACGTTCGGAGGGGGGACCAAGCTGGAAATAAAAC	GATATTGTGATGACGCAGGCTGCATTCTCCAATCCAGTCACTCTTGGAACATCAGCTTCCATCTCCTGCAGGTCTAGTAAGAGTCTCCTACATAGT...AATGGCATCACTTATTTGTATTGGTATCTGCAGAAGCCAGGCCAGTCTCCTCAGCTCCTGATTTATCAGATG.....................TCCAACCTTGCCTCAGGAGTCCCA...GACAGGTTCAGTAGCAGTGGG......TCAGGAACTGATTTCACACTGAGAATCAGCAGAGTGGAGGCTGAGGATGTGGGTGTTTATTACTGTGCTCAAAATCTAGAACTTCCGTACACGTTCGGAGGGGGGACCAAGCTGGAAATAAAAC	TGTGCTCAAAATCTAGAACTTCCGTACACGTTC	CAQNLELPYTF	95S299=		394S1N38=	432S83M	96	394	1	332					395	432	2	39	433	515	33	0		1401	14	ACGGGCTAGGCTCAGA-1	input_id_2
ACGGGCTTCCCTAATT-1_contig_1	TGGGGATCCTCTCTTCCAGCTCTCAGAGATGGAGACAGACACACTCCTGTTATGGGTACTGCTGCTCTGGGTTCCAGGTTCCACTGGTGACATTGTGCTGACACAGTCTCCTGCTTCCTTAGCTGTATCTCTGGGGCAGAGGGCCACCATCTCATGCAGGGCCAGCAAAAGTGTCAGTACATCTGGCTATAGTTATATGCACTGGTACCAACAGAAACCAGGACAGCCACCCAAACTCCTCATCTATCTTGCATCCAACCTAGAATCTGGGGTCCCTGCCAGGTTCAGTGGCAGTGGGTCTGGGACAGACTTCACCCTCAACATCCATCCTGTGGAGGAGGAGGATGCTGCAACCTATTACTGTCAGCACAGTAGGGAGCTTCCGTACACGTTCGGAGGGGGGACCAAGCTGGAAATAAAACGGGCTGATGCTGCACCAACTGTATCCATCTTCCCACCATCCAGTGAGCAGTTAACATCTGGAGGTGCCTCAGTCGTGTGCTTC	F	T	T	F	IGK	IGKV3-12*01		IGKJ2*01	IGKC	GACATTGTGCTGACACAGTCTCCTGCTTCCTTAGCTGTATCTCTGGGGCAGAGGGCCACCATCTCATGCAGGGCCAGCAAAAGTGTCAGTACA......TCTGGCTATAGTTATATGCACTGGTACCAACAGAAACCAGGACAGCCACCCAAACTCCTCATCTATCTTGCA.....................TCCAACCTAGAATCTGGGGTCCCT...GCCAGGTTCAGTGGCAGTGGG......TCTGGGACAGACTTCACCCTCAACATCCATCCTGTGGAGGAGGAGGATGCTGCAACCTATTACTGTCAGCACAGTAGGGAGCTTCCGTACACGTTCGGAGGGGGGACCAAGCTGGAAATAAAAC	GACATTGTGCTGACACAGTCTCCTGCTTCCTTAGCTGTATCTCTGGGGCAGAGGGCCACCATCTCATGCAGGGCCAGCAAAAGTGTCAGTACA......TCTGGCTATAGTTATATGCACTGGTACCAACAGAAACCAGGACAGCCACCCAAACTCCTCATCTATCTTGCA.....................TCCAACCTAGAATCTGGGGTCCCT...GCCAGGTTCAGTGGCAGTGGG......TCTGGGACAGACTTCACCCTCAACATCCATCCTGTGGAGGAGGAGGATGCTGCAACCTATTACTGTCAGCACAGTAGGGAGCTTCCGTACACGTTCGGAGGGGGGACCAAGCTGGAAATAAAAC	TGTCAGCACAGTAGGGAGCTTCCGTACACGTTC	CQHSRELPYTF	88S296=		384S1N38=	422S83M	89	384	1	332					385	422	2	39	423	505	33	0		3536	27	ACGGGCTTCCCTAATT-1	input_id_2
AGGGATGCAAGTTGTC-1_contig_2	GGGGACCAATATTGAAAAGAATAGACCTGGTTTGTGAATTATGGCCTGGATTTCACTTATACTCTCTCTCCTGGCTCTCAGCTCAGGGGCCATTTCCCAGGCTGTTGTGACTCAGGAATCTGCACTCACCACATCACCTGGTGAAACAGTCACACTCACTTGTCGCTCAAGTACTGGGGCTGTTACAACTAGTAACTATGCCAACTGGGTCCAAGAAAAACCAGATCATTTATTCACTGGTCTAATAGGTGGTACCAACAACCGAGCTCCAGGTGTTCCTGCCAGATTCTCAGGCTCCCTGATTGGAGACAAGGCTGCCCTCACCATCACAGGGGCACAGACTGAGGATGAGGCAATATATTTCTGTGCTCTATGGTACAGCAACCATTTCTGGGTGTTCGGTGGAGGAACCAAACTGACTGTCCTAGGCCAGCCCAAGTCTTCGCCATCAGTCACCCTGTTTCCACCTTCCTCTGAAGAGCTCGAGACTAACAAGGCCACACTGGTGTGTA	F	T	T	F	IGL	IGLV1*01		IGLJ1*01	IGLC1	CAGGCTGTTGTGACTCAGGAATCTGCA...CTCACCACATCACCTGGTGAAACAGTCACACTCACTTGTCGCTCAAGTACTGGGGCTGTTACA.........ACTAGTAACTATGCCAACTGGGTCCAAGAAAAACCAGATCATTTATTCACTGGTCTAATAGGTGGTACC.....................AACAACCGAGCTCCAGGTGTTCCT...GCCAGATTCTCAGGCTCCCTG......ATTGGAGACAAGGCTGCCCTCACCATCACAGGGGCACAGACTGAGGATGAGGCAATATATTTCTGTGCTCTATGGTACAGCAACCATTTCTGGGTGTTCGGTGGAGGAACCAAACTGACTGTCCTAG	CAGGCTGTTGTGACTCAGGAATCTGCA...CTCACCACATCACCTGGTGAAACAGTCACACTCACTTGTCGCTCAAGTACTGGGGCTGTTACA.........ACTAGTAACTATGCCAACTGGGTCCAAGAAAAACCAGATCATTTATTCACTGGTCTAATAGGTGGTACC.....................AACAACCGAGCTCCAGGTGTTCCT...GCCAGATTCTCAGGCTCCCTG......ATTGGAGACAAGGCTGCCCTCACCATCACAGGGGCACAGACTGAGGATGAGGCAATATATTTCTGTGCTCTATGGTACAGCAACCATTTCTGGGTGTTCGGTGGAGGAACCAAACTGACTGTCCTAG	TGTGCTCTATGGTACAGCAACCATTTCTGGGTGTTC	CALWYSNHFWVF	97S294=		391S1N37=	428S84M	98	391	1	336					392	428	2	38	429	512	36	0		19118	67	AGGGATGCAAGTTGTC-1	input_id_2
AACGTTGAGAAGATTC-1_contig_1	GAATGTCAGGTCACAGCAGAAACATGAAGTTTCCTTCTCAACTTCTGCTCTTCCTGCTGTTCAGAATCACAGGCATAATATGTGACATCCAGATGACACAATCTTCATCCTACTTGTCTGTATCTCTAGGAGGCAGAGTCACCATTACTTGCAAGGCAAGTGACCACATTAATAATTGGTTAGCCTGGTATCAGCAGAAACCAGGAAATGCTCCTAGGCTCTTAATATCTGGTGCAACCAGTTTGGAAACTGGGGTTCCTTCAAGATTCAGTGGCAGTGGATCTGGAAAGGATTACACTCTCAGCATTACCAGTCTTCAGACTGAAGATGTTGCTACTTATTACTGTCAACAGTATTGGAGTACTCCTCGGACGTTCGGTGGAGGCACCAAGCTGGAAATCAAACGGGCTGATGCTGCACCAACTGTATCCATCTTCCCACCATCCAGTGAGCAGTTAACATCTGGAGGTGCCTCAGTCGTGTGCTTC	F	T	T	F	IGK	IGKV13-85*01		IGKJ1*01	IGKC	GACATCCAGATGACACAATCTTCATCCTACTTGTCTGTATCTCTAGGAGGCAGAGTCACCATTACTTGCAAGGCAAGTGACCACATT..................AATAATTGGTTAGCCTGGTATCAGCAGAAACCAGGAAATGCTCCTAGGCTCTTAATATCTGGTGCA.....................ACCAGTTTGGAAACTGGGGTTCCT...TCAAGATTCAGTGGCAGTGGA......TCTGGAAAGGATTACACTCTCAGCATTACCAGTCTTCAGACTGAAGATGTTGCTACTTATTACTGTCAACAGTATTGGAGTACTCCTCGGACGTTCGGTGGAGGCACCAAGCTGGAAATCAAAC	GACATCCAGATGACACAATCTTCATCCTACTTGTCTGTATCTCTAGGAGGCAGAGTCACCATTACTTGCAAGGCAAGTGACCACATT..................AATAATTGGTTAGCCTGGTATCAGCAGAAACCAGGAAATGCTCCTAGGCTCTTAATATCTGGTGCA.....................ACCAGTTTGGAAACTGGGGTTCCT...TCAAGATTCAGTGGCAGTGGA......TCTGGAAAGGATTACACTCTCAGCATTACCAGTCTTCAGACTGAAGATGTTGCTACTTATTACTGTCAACAGTATTGGAGTACTCCTCGGACGTTCGGTGGAGGCACCAAGCTGGAAATCAAAC	TGTCAACAGTATTGGAGTACTCCTCGGACGTTC	CQQYWSTPRTF	83S286=		369S2N36=	405S83M	84	369	1	334					370	405	3	38	406	488	33	0		2498	23	AACGTTGAGAAGATTC-1	input_id_2
AACGTTGAGAAGATTC-1_contig_2	GGTCAATACAATCAGGACTCAGAATGAACACGAGGGCCCCTGCTGAGTTCCTTGGGTTCCTGTTGCTCTGGTTTTTAGGTGCCAGATGTGATGTCCAGATGATTCAGTCTCCATCCTCCCTGTCTGCATCTTTGGGAGACATAGTCACCATGACTTGCCAGGCAAGTCAGGGCACTAGCATTAATTTAAACTGGTTTCAGCAAAAACCAGGGAAAGCTCCTAAGCTCCTGATCTATGGTGCAAGCAACTTGGAAGATGGGGTCCCATCAAGGTTCAGTGGCAGTAGATATGGGACAGATTTCACTCTCACCATCAGCAGCCTGGAGGATGAAGATATGGCAACTTATTTCTGTCTACAGCATAGTTATCTCCCGTACACGTTCGGAGGGGGGACCAAGCTGGAAATAAAACGGGCTGATGCTGCACCAACTGTATCCATCTTCCCACCATCCAGTGAGCAGTTAACATCTGGAGGTGCCTCAGTCGTGTGCTTC	F	T	T	F	IGK	IGKV11-125*01		IGKJ2*01	IGKC	GATGTCCAGATGATTCAGTCTCCATCCTCCCTGTCTGCATCTTTGGGAGACATAGTCACCATGACTTGCCAGGCAAGTCAGGGCACT..................AGCATTAATTTAAACTGGTTTCAGCAAAAACCAGGGAAAGCTCCTAAGCTCCTGATCTATGGTGCA.....................AGCAACTTGGAAGATGGGGTCCCA...TCAAGGTTCAGTGGCAGTAGA......TATGGGACAGATTTCACTCTCACCATCAGCAGCCTGGAGGATGAAGATATGGCAACTTATTTCTGTCTACAGCATAGTTATCTCCCGTACACGTTCGGAGGGGGGACCAAGCTGGAAATAAAAC	GATGTCCAGATGATTCAGTCTCCATCCTCCCTGTCTGCATCTTTGGGAGACATAGTCACCATGACTTGCCAGGCAAGTCAGGGCACT..................AGCATTAATTTAAACTGGTTTCAGCAAAAACCAGGGAAAGCTCCTAAGCTCCTGATCTATGGTGCA.....................AGCAACTTGGAAGATGGGGTCCCA...TCAAGGTTCAGTGGCAGTAGA......TATGGGACAGATTTCACTCTCACCATCAGCAGCCTGGAGGATGAAGATATGGCAACTTATTTCTGTCTACAGCATAGTTATCTCCCGTACACGTTCGGAGGGGGGACCAAGCTGGAAATAAAAC	TGTCTACAGCATAGTTATCTCCCGTACACGTTC	CLQHSYLPYTF	89S284=		373S1N38=	411S83M	90	373	1	332					374	411	2	39	412	494	33	0		2328	22	AACGTTGAGAAGATTC-1	input_id_2
AACGTTGAGAAGATTC-1_contig_3	GGACAGAGGCACCTAACTGTGGACTCACAAGTCTTTCCCTTCAGTGACCAACACGGACACAGAACATTCACCATGGACTTGAGACTGAGCTGTGCTTTTATTATTGTTCTTTTAAAAGGGGTCCAGAGTGAAGTGAAGCTTGAGGAGTCTGGAGGAGGCTTGGTGCAACCTGGAGGATCCATGAAACTCTCCTGTGTTGCCTCTGGATTCACTTTCAGTAACTACTGGATGAACTGGGTCCGCCAGTCTCCAGAGAAGGGGCTTGAGTGGGTTGCTCAAATTAGATTGAAATCTGATAATTATGCAACACATTATGCGGAGTCTGTGAAAGGGAGGTTCACCATCTCAAGAGATGATTCCAAAAGTAGTGTCTACCTGCAAATGAACAACTTAAGGGCTGAAGACACTGGAATTTATTACTGCCCCCAAGCTAACTGGGACGGGGGGTTTGCTTACTGGGGCCAAGGGACTCTGGTCACTGTCTCTGCAGAGAGTCAGTCCTTCCCAAATGTCTTCCCCCTCGTCTCCTGCGAGAGCCCCCTGTCTGATAAGAATCTGGTGGCCATGGGCTGCCTGGCCCGGGACTTCCTGCCCAGCACCATTTCCTTCACCTGGAACTACCAGAACAACACTGAAGTCATCCAGGGTATCAGAACCTTCCCAACACTGAGGACAGGGGGCAAGTACCTAGCCACCTCGCA	F	T	T	F	IGH	IGHV6-3*01	IGHD4-1*01	IGHJ3*01	IGHM	GAAGTGAAGCTTGAGGAGTCTGGAGGA...GGCTTGGTGCAACCTGGAGGATCCATGAAACTCTCCTGTGTTGCCTCTGGATTCACTTTC............AGTAACTACTGGATGAACTGGGTCCGCCAGTCTCCAGAGAAGGGGCTTGAGTGGGTTGCTCAAATTAGATTGAAATCTGATAATTATGCAACACATTATGCGGAGTCTGTGAAA...GGGAGGTTCACCATCTCAAGAGATGATTCCAAAAGTAGTGTCTACCTGCAAATGAACAACTTAAGGGCTGAAGACACTGGAATTTATTACTGCCCCCAAGCTAACTGGGACGGGGGGTTTGCTTACTGGGGCCAAGGGACTCTGGTCACTGTCTCTGCAG	GAAGTGAAGCTTGAGGAGTCTGGAGGA...GGCTTGGTGCAACCTGGAGGATCCATGAAACTCTCCTGTGTTGCCTCTGGATTCACTTTC............AGTAACTACTGGATGAACTGGGTCCGCCAGTCTCCAGAGAAGGGGCTTGAGTGGGTTGCTCAAATTAGATTGAAATCTGATAATTATGCAACACATTATGCGGAGTCTGTGAAA...GGGAGGTTCACCATCTCAAGAGATGATTCCAAAAGTAGTGTCTACCTGCAAATGAACAACTTAAGGGCTGAAGACACTGGAATTTATTACTGCNNNNNNNCTAACTGGGACNNNNGGTTTGCTTACTGGGGCCAAGGGACTCTGGTCACTGTCTCTGCAG	TGCCCCCAAGCTAACTGGGACGGGGGGTTTGCTTACTGG	CPQANWDGGFAYW	129S294=	430S11=	445S3N45=	490S211M	130	423	1	312	431	441	1	11	446	490	4	48	491	701	39	7	4	2341	24	AACGTTGAGAAGATTC-1	input_id_2
AACGTTGAGAAGATTC-1_contig_4	GAAAGCATAAGATCACTGTTCTCTCTACAGTTACTGAGCACACAGGACCTCACCATGGGATGGAGCTGTATCATCCTCTTCTTGGTATCAACAGCTACAGGTGTCCACTCCCAGGTCCAACTGCAGCAGCCTGGGGCTGAGCTTGTGATGCCTGGGGCTTCAGTGAAGCTGTCCTGCAAGGCTTCTGGCTACACCTTCACCAGCTACTGGATGCACTGGGTGAAGCAGAGGCCTGGACAAGGCCTTGAGTGGATCGGAGAGATTGATCCTTCTGATAGTTATACTAACTACAATCAAAAGTTCAAGGGCAAGGCCACATTGACTGTAGACAAATCCTCCAGCACAGCCTACATGCAGCTCAGCAGCCTGACATCTGAGGACTCTGCGGTCTATTACTGTGCAAGAGGGGGGTACTACTTTGACTACTGGGGCCAAGGCACCACTCTCACAGTCTCCTCAGAGAGTCAGTCCTTCCCAAATGTCTTCCCCCTCGTCTCCTGCGAGAGCCCCCTGTCTGATAAGAATCTGGTGGCCATGGGCTGCCTGGCCCGGGACTTCCTGCCCAGCACCATTTCCTTCACCTGGAACTACCAGAACAACACTGAAGTCATCCAGGGTATCAGAACCTTCCCAACACTGAGGACAGGGGGCAAGTACCTAGCCACCTCGCA	F	T	T	F	IGH	IGHV1-69*01,IGHV1-69*02		IGHJ2*01	IGHM	CAGGTCCAACTGCAGCAGCCTGGGGCT...GAGCTTGTGATGCCTGGGGCTTCAGTGAAGCTGTCCTGCAAGGCTTCTGGCTACACCTTC............ACCAGCTACTGGATGCACTGGGTGAAGCAGAGGCCTGGACAAGGCCTTGAGTGGATCGGAGAGATTGATCCTTCT......GATAGTTATACTAACTACAATCAAAAGTTCAAG...GGCAAGGCCACATTGACTGTAGACAAATCCTCCAGCACAGCCTACATGCAGCTCAGCAGCCTGACATCTGAGGACTCTGCGGTCTATTACTGTGCAAGAGGGGGGTACTACTTTGACTACTGGGGCCAAGGCACCACTCTCACAGTCTCCTCAG	CAGGTCCAACTGCAGCAGCCTGGGGCT...GAGCTTGTGATGCCTGGGGCTTCAGTGAAGCTGTCCTGCAAGGCTTCTGGCTACACCTTC............ACCAGCTACTGGATGCACTGGGTGAAGCAGAGGCCTGGACAAGGCCTTGAGTGGATCGGAGAGATTGATCCTTCT......GATAGTTATACTAACTACAATCAAAAGTTCAAG...GGCAAGTCCACATTGACTGTAGACAAATCCTCCAGCACAGCCTACATGCAGCTCAGCAGCCTGACATCTGAGGACTCTGCGGTCTATTACTGTGCAAGANNNNNNNACTACTTTGACTACTGGGGCCAAGGCACCACTCTCACAGTCTCCTCAG	TGTGCAAGAGGGGGGTACTACTTTGACTACTGG	CARGGYYFDYW	111S201=1X92=		412S48=	460S211M	112	405	1	318					413	460	1	48	461	671	33	7		2130	16	AACGTTGAGAAGATTC-1	input_id_2
ACATCAGTCTTGAGAC-1_contig_1	AACAACACATGTCCAATGTCCTCTCCACAGACACTGAACACACTGACTCTAACCATGGGATGGAGCTGGATCTTTCTCTTCCTCCTGTCAGGAACTGCAGGTGTCCACTCTGAGGTCCAGCTGCAACAGTCTGGACCTGTGCTGGTGAAGCCTGGGGCTTCAGTGAAGATGTCCTGTAAGGCTTCTGGATACACATTCACTGACTACTATATGAACTGGGTGAAGCAGAGCCATGGAAAGAGCCTTGAGTGGATTGGAGTTATTAATCCTTACAACGGTGGTACTAGCTACAACCAGAAGTTCAAGGGCAAGGCCACATTGACTGTTGACAAGTCCTCCAGCACAGCCTACATGGAGCTCAACAGCCTGACATCTGAGGACTCTGCAGTCTATTACTGTGCAAGAGGGTATGGTTACGACGAGGGGGGCTATGCTATGGACTACTGGGGTCAAGGAACCTCAGTCACCGTCTCCTCAGAGAGTCAGTCCTTCCCAAATGTCTTCCCCCTCGTCTCCTGCGAGAGCCCCCTGTCTGATAAGAATCTGGTGGCCATGGGCTGCCTGGCCCGGGACTTCCTGCCCAGCACCATTTCCTTCACCTGGAACTACCAGAACAACACTGAAGTCATCCAGGGTATCAGAACCTTCCCAACACTGAGGACAGGGGGCAAGTACCTAGCCACCTCGCA	F	T	T	F	IGH	IGHV1-19*01	IGHD2-2*01,IGHD2-7*01,IGHD2-9*01	IGHJ4*01	IGHM	GAGGTCCAGCTGCAACAGTCTGGACCT...GTGCTGGTGAAGCCTGGGGCTTCAGTGAAGATGTCCTGTAAGGCTTCTGGATACACATTC............ACTGACTACTATATGAACTGGGTGAAGCAGAGCCATGGAAAGAGCCTTGAGTGGATTGGAGTTATTAATCCTTAC......AACGGTGGTACTAGCTACAACCAGAAGTTCAAG...GGCAAGGCCACATTGACTGTTGACAAGTCCTCCAGCACAGCCTACATGGAGCTCAACAGCCTGACATCTGAGGACTCTGCAGTCTATTACTGTGCAAGAGGGTATGGTTACGACGAGGGGGGCTATGCTATGGACTACTGGGGTCAAGGAACCTCAGTCACCGTCTCCTCAG	GAGGTCCAGCTGCAACAGTCTGGACCT...GTGCTGGTGAAGCCTGGGGCTTCAGTGAAGATGTCCTGTAAGGCTTCTGGATACACATTC............ACTGACTACTATATGAACTGGGTGAAGCAGAGCCATGGAAAGAGCCTTGAGTGGATTGGAGTTATTAATCCTTAC......AACGGTGGTACTAGCTACAACCAGAAGTTCAAG...GGCAAGGCCACATTGACTGTTGACAAGTCCTCCAGCACAGCCTACATGGAGCTCAACAGCCTGACATCTGAGGACTCTGCAGTCTATTACTGTGCAAGANNNTATGGTTACGACNNNNNNNNCTATGCTATGGACTACTGGGGTCAAGGAACCTCAGTCACCGTCTCCTCAG	TGTGCAAGAGGGTATGGTTACGACGAGGGGGGCTATGCTATGGACTACTGG	CARGYGYDEGGYAMDYW	111S294=	408S5N12=	428S4N50=	478S211M	112	405	1	318	409	420	6	17	429	478	5	54	479	689	51	3	8	2244	16	ACATCAGTCTTGAGAC-1	input_id_2
ACATCAGTCTTGAGAC-1_contig_2	ACATCAGTCTTGAGACATGATGTGCCTTTCTTTTTGGGGGTCATTGCAGTCAGGACTCAGCATGGACATGAGGGCTCCTGCACAGATTTTTGGCTTCTTGTTGCTCTTGTTTCCAGGTACCAGATGTGACATCCAGATGACCCAGTCTCCATCCTCCTTATCTGCCTCTCTGGGAGAAAGAGTCAGTCTCACTTGTCGGGCAAGTCAGGACATTGGTAGTAGCTTAAACTGGCTTCAGCAGGAACCAGATGGAACTATTAAACGCCTGATCTACGCCACATCCAGTTTAGATTCTGGTGTCCCCAAAAGGTTCAGTGGCAGTAGGTCTGGGTCAGATTATTCTCTCACCATCAGCAGCCTTGAGTCTGAAGATTTTGTAGACTATTACTGTCTACAATATGCTAGTTCTCCGTACACGTTCGGAGGGGGGACCAAGCTGGAAATAAAACGGGCTGATGCTGCACCAACTGTATCCATCTTCCCACCATCCAGTGAGCAGTTAACATCTGGAGGTGCCTCAGTCGTGTGCTTC	F	T	T	F	IGK	IGKV9-120*02		IGKJ2*01	IGKC	GACATCCAGATGACCCAGTCTCCATCCTCCTTATCTGCCTCTCTGGGAGAAAGAGTCAGTCTCACTTGTCGGGCAAGTCAGGACATT..................GGTAGTAGCTTAAACTGGCTTCAGCAGGAACCAGATGGAACTATTAAACGCCTGATCTACGCCACA.....................TCCAGTTTAGATTCTGGTGTCCCC...AAAAGGTTCAGTGGCAGTAGG......TCTGGGTCAGATTATTCTCTCACCATCAGCAGCCTTGAGTCTGAAGATTTTGTAGACTATTACTGTCTACAATATGCTAGTTCTCCGTACACGTTCGGAGGGGGGACCAAGCTGGAAATAAAAC	GACATCCAGATGACCCAGTCTCCATCCTCCTTATCTGCCTCTCTGGGAGAAAGAGTCAGTCTCACTTGTCGGGCAAGTCAGGACATT..................GGTAGTAGCTTAAACTGGCTTCAGCAGGAACCAGATGGAACTATTAAACGCCTGATCTACGCCACA.....................TCCAGTTTAGATTCTGGTGTCCCC...AAAAGGTTCAGTGGCAGTAGG......TCTGGGTCAGATTATTCTCTCACCATCAGCAGCCTTGAGTCTGAAGATTTTGTAGACTATTACTGTCTACAATATGCTAGTTCTCCGTACACGTTCGGAGGGGGGACCAAGCTGGAAATAAAAC	TGTCTACAATATGCTAGTTCTCCGTACACGTTC	CLQYASSPYTF	127S284=		411S1N38=	449S83M	128	411	1	332					412	449	2	39	450	532	33	0		5386	46	ACATCAGTCTTGAGAC-1	input_id_2
ACATCAGTCTTGAGAC-1_contig_3	GGGACTCACAAGTCTTTCCCTTCAGTGACCAACACGGACACAGAACATTCACCATGGACTTGAGACTGAGCTGTGCTTTTATTATTGTTCTTTTAAAAGGGGTCCAGAGTGAAGTGAAGCTTGAGGAGTCTGGAGGAGGCTTGGTGCAACCTGGAGGATCCATGAAACTCTCCTGTGTTGCCTCTGGATTCACTTTCAGTAACTACTGGATGAACTGGGTCCGCCAGTCTCCAGAGAAGGGGCTTGAGTGGGTTGCTCAAATTAGATTGAAATCTGATAATTATGCAACACATTATGCGGAGTCTGTGAAAGGGAGGTTCACCATCTCAAGAGATGATTCCAAAAGTAGTGTCTACCTGCAAATGAACAACTTAAGGGCTGAAGACACTGGAATTTATTACTGCACGGGGGATTACGATCATTACTATGCTATGGACTACTGGGGTCAAGGAACCTCAGTCACCGTCTCCTCAGAGAGTCAGTCCTTCCCAAATGTCTTCCCCCTCGTCTCCTGCGAGAGCCCCCTGTCTGATAAGAATCTGGTGGCCATGGGCTGCCTGGCCCGGGACTTCCTGCCCAGCACCATTTCCTTCACCTGGAACTACCAGAACAACACTGAAGTCATCCAGGGTATCAGAACCTTCCCAACACTGAGGACAGGGGGCAAGTACCTAGCCACCTCGCA	F	T	T	F	IGH	IGHV6-3*01	IGHD2-4*01,IGHD2-9*02	IGHJ4*01	IGHM	GAAGTGAAGCTTGAGGAGTCTGGAGGA...GGCTTGGTGCAACCTGGAGGATCCATGAAACTCTCCTGTGTTGCCTCTGGATTCACTTTC............AGTAACTACTGGATGAACTGGGTCCGCCAGTCTCCAGAGAAGGGGCTTGAGTGGGTTGCTCAAATTAGATTGAAATCTGATAATTATGCAACACATTATGCGGAGTCTGTGAAA...GGGAGGTTCACCATCTCAAGAGATGATTCCAAAAGTAGTGTCTACCTGCAAATGAACAACTTAAGGGCTGAAGACACTGGAATTTATTACTGCACGGGGGATTACGATCATTACTATGCTATGGACTACTGGGGTCAAGGAACCTCAGTCACCGTCTCCTCAG	GAAGTGAAGCTTGAGGAGTCTGGAGGA...GGCTTGGTGCAACCTGGAGGATCCATGAAACTCTCCTGTGTTGCCTCTGGATTCACTTTC............AGTAACTACTGGATGAACTGGGTCCGCCAGTCTCCAGAGAAGGGGCTTGAGTGGGTTGCTCAAATTAGATTGAAATCTGATAATTATGCAACACATTATGCGGAGTCTGTGAAA...GGGAGGTTCACCATCTCAAGAGATGATTCCAAAAGTAGTGTCTACCTGCAAATGAACAACTTAAGGGCTGAAGACACTGGAATTTATTACTGCACAGGNGATTACGANNATTACTATGCTATGGACTACTGGGGTCAAGGAACCTCAGTCACCGTCTCCTCAG	TGCACGGGGGATTACGATCATTACTATGCTATGGACTACTGG	CTGDYDHYYAMDYW	110S296=1X2=	410S8N8=	420S54=	474S211M	111	409	1	317	411	418	9	16	421	474	1	54	475	685	42	1	2	1609	20	ACATCAGTCTTGAGAC-1	input_id_2
ACGGAGAGTCAAGCGA-1_contig_1	GAGTCAGCCTCACACTGATCACACACAGACATGAGTGTGCCCACTCAGGTCCTGGGGTTGCTGCTGCTGTGGCTTACAGATGCCAGATGTGACATCCAGATGACTCAGTCTCCAGCCTCCCTATCTGTATCTGTGGGAGAAACTGTCACCATCACATGTCGAGCAAGTGAGAATATTTACAGTAATTTAGCATGGTATCAGCAGAAACAGGGAAAATCTCCTCAGCTCCTGGTCTATGCTGCAACAAACTTAGCAGATGGTGTGCCATCAAGGTTCAGTGGCAGTGGATCAGGCACACAGTATTCCCTCAAGATCAACAGCCTGCAGTCTGAAGATTTTGGGAGTTATTACTGTCAACATTTTTGGGGTACTCCGTACACGTTCGGAGGGGGGACCAAGCTGGAAATAAAACGGGCTGATGCTGCACCAACTGTATCCATCTTCCCACCATCCAGTGAGCAGTTAACATCTGGAGGTGCCTCAGTCGTGTGCTTC	F	T	T	F	IGK	IGKV12-46*01		IGKJ2*01	IGKC	GACATCCAGATGACTCAGTCTCCAGCCTCCCTATCTGTATCTGTGGGAGAAACTGTCACCATCACATGTCGAGCAAGTGAGAATATT..................TACAGTAATTTAGCATGGTATCAGCAGAAACAGGGAAAATCTCCTCAGCTCCTGGTCTATGCTGCA.....................ACAAACTTAGCAGATGGTGTGCCA...TCAAGGTTCAGTGGCAGTGGA......TCAGGCACACAGTATTCCCTCAAGATCAACAGCCTGCAGTCTGAAGATTTTGGGAGTTATTACTGTCAACATTTTTGGGGTACTCCGTACACGTTCGGAGGGGGGACCAAGCTGGAAATAAAAC	GACATCCAGATGACTCAGTCTCCAGCCTCCCTATCTGTATCTGTGGGAGAAACTGTCACCATCACATGTCGAGCAAGTGAGAATATT..................TACAGTAATTTAGCATGGTATCAGCAGAAACAGGGAAAATCTCCTCAGCTCCTGGTCTATGCTGCA.....................ACAAACTTAGCAGATGGTGTGCCA...TCAAGGTTCAGTGGCAGTGGA......TCAGGCACACAGTATTCCCTCAAGATCAACAGCCTGCAGTCTGAAGATTTTGGGAGTTATTACTGTCAACATTTTTGGGGTACTCCGTACACGTTCGGAGGGGGGACCAAGCTGGAAATAAAAC	TGTCAACATTTTTGGGGTACTCCGTACACGTTC	CQHFWGTPYTF	90S284=		374S1N38=	412S83M	91	374	1	332					375	412	2	39	413	495	33	0		7565	62	ACGGAGAGTCAAGCGA-1	input_id_2
ACGGAGAGTCAAGCGA-1_contig_2	TGGGGAGTCATTCTTGGTCAGGAGACGTTGTAGAAATGAGACCGTCTATTCAGTTCCTGGGGCTCTTGTTGTTCTGGCTTCATGGTGCTCAGTGTGACATCCAGATGACACAGTCTCCATCCTCACTGTCTGCATCTCTGGGAGGCAAAGTCACCATCACTTGCAAGGCAAGCCAAGACATTAACAAGTATATAGCTTGGTACCAACACAAGCCTGGAAAAGGTCCTAGGCTGCTCATACATTACACATCTACATTACAGCCAGGCATCCCATCAAGGTTCAGTGGAAGTGGGTCTGGGAGAGATTATTCCTTCAGCATCAGCAACCTGGAGCCTGAAGATATTGCAACTTATTATTGTCTACAGTATGATAATCTTCTGCTCACGTTCGGTGCTGGGACCAAGCTGGAGCTGAAACGGGCTGATGCTGCACCAACTGTATCCATCTTCCCACCATCCAGTGAGCAGTTAACATCTGGAGGTGCCTCAGTCGTGTGCTTC	F	T	T	F	IGK	IGKV19-93*01		IGKJ5*01	IGKC	GACATCCAGATGACACAGTCTCCATCCTCACTGTCTGCATCTCTGGGAGGCAAAGTCACCATCACTTGCAAGGCAAGCCAAGACATT..................AACAAGTATATAGCTTGGTACCAACACAAGCCTGGAAAAGGTCCTAGGCTGCTCATACATTACACA.....................TCTACATTACAGCCAGGCATCCCA...TCAAGGTTCAGTGGAAGTGGG......TCTGGGAGAGATTATTCCTTCAGCATCAGCAACCTGGAGCCTGAAGATATTGCAACTTATTATTGTCTACAGTATGATAATCTTCTGCTCACGTTCGGTGCTGGGACCAAGCTGGAGCTGAAAC	GACATCCAGATGACACAGTCTCCATCCTCACTGTCTGCATCTCTGGGAGGCAAAGTCACCATCACTTGCAAGGCAAGCCAAGACATT..................AACAAGTATATAGCTTGGTACCAACACAAGCCTGGAAAAGGTCCTAGGCTGCTCATACATTACACA.....................TCTACATTACAGCCAGGCATCCCA...TCAAGGTTCAGTGGAAGTGGG......TCTGGGAGAGATTATTCCTTCAGCATCAGCAACCTGGAGCCTGAAGATATTGCAACTTATTATTGTCTACAGTATGATAATCTTCTGCTCACGTTCGGTGCTGGGACCAAGCTGGAGCTGAAAC	TGTCTACAGTATGATAATCTTCTGCTCACGTTC	CLQYDNLLLTF	95S284=		379S38=	417S83M	96	379	1	332					380	417	1	38	418	500	33	0		5161	42	ACGGAGAGTCAAGCGA-1	input_id_2
ACGGAGAGTCAAGCGA-1_contig_3	AAAAACATGAGATCACAGTTCTCTCTACAGTTACTGAGCACACAGGACCTCACAATGGGATGGAGCTATATCATCCTCTTTTTGGTAGCAACAGCTACAGGTGTCCACTCCCAGGTCCAACTGCAGCAGCCTGGGGCTGAGCTGGTAAAGCCTGGGGCTTCAGTGAAGTTGTCCTGCAAGGCTTCTGGCTACACTTTCACCAGCTACTGGATGCACTGGGTGAAGCAGAGGCCTGGACAAGGCCTTGAGTGGATTGGAATGATTCATCCTAATAGTGGTAGTACTAACTACAATGAGAAGTTCAAGAGCAAGGCCACACTGACTGTAGACAAATCCTCCAGCACAGCCTACATGCAACTCAGCAGCCTGACATCTGAGGACTCTGCGGTCTATTACTGTGCAAGAGCCATTACTACGGTAGTACCCTGGTGGGGCCAAGGGACTCTGGTCACTGTCTCTGCAGAGAGTCAGTCCTTCCCAAATGTCTTCCCCCTCGTCTCCTGCGAGAGCCCCCTGTCTGATAAGAATCTGGTGGCCATGGGCTGCCTGGCCCGGGACTTCCTGCCCAGCACCATTTCCTTCACCTGGAACTACCAGAACAACACTGAAGTCATCCAGGGTATCAGAACCTTCCCAACACTGAGGACAGGGGGCAAGTACCTAGCCACCTCGCA	F	T	T	F	IGH	IGHV1-64*01	IGHD1-1*01	IGHJ3*02	IGHM	CAGGTCCAACTGCAGCAGCCTGGGGCT...GAGCTGGTAAAGCCTGGGGCTTCAGTGAAGTTGTCCTGCAAGGCTTCTGGCTACACTTTC............ACCAGCTACTGGATGCACTGGGTGAAGCAGAGGCCTGGACAAGGCCTTGAGTGGATTGGAATGATTCATCCTAAT......AGTGGTAGTACTAACTACAATGAGAAGTTCAAG...AGCAAGGCCACACTGACTGTAGACAAATCCTCCAGCACAGCCTACATGCAACTCAGCAGCCTGACATCTGAGGACTCTGCGGTCTATTACTGTGCAAGAGCCATTACTACGGTAGTACCCTGGTGGGGCCAAGGGACTCTGGTCACTGTCTCTGCAG	CAGGTCCAACTGCAGCAGCCTGGGGCT...GAGCTGGTAAAGCCTGGGGCTTCAGTGAAGTTGTCCTGCAAGGCTTCTGGCTACACTTTC............ACCAGCTACTGGATGCACTGGGTGAAGCAGAGGCCTGGACAAGGCCTTGAGTGGATTGGAATGATTCATCCTAAT......AGTGGTAGTACTAACTACAATGAGAAGTTCAAG...AGCAAGGCCACACTGACTGTAGACAAATCCTCCAGCACAGCCTACATGCAACTCAGCAGCCTGACATCTGAGGACTCTGCGGTCTATTACTGTGCAAGANNNATTACTACGGTAGTANNNNNGTGGGGCCAAGGGACTCTGGTCACTGTCTCTGCAG	TGTGCAAGAGCCATTACTACGGTAGTACCCTGGTGG	CARAITTVVPWW	111S294=	408S3N15=	428S13N35=	463S211M	112	405	1	318	409	423	4	18	429	463	14	48	464	674	36	3	5	3530	24	ACGGAGAGTCAAGCGA-1	input_id_2
ACGGAGAGTCAAGCGA-1_contig_4	AGTTCTCTCTACAGTTACTGAGCACACAGGACCTCACAATGGGATGGAGCTATATCATCCTCTTTTTGGTAGCAACAGCTACAGGTGTCCACTCCCAGGTCCAACTGCAGCAGCCTGGGGCTGAGCTGGTAAAGCCTGGGGCTTCAGTGAAGTTGTCCTGCAAGGCTTCTGGCTACACTTTCACCAGCTACTGGATGCACTGGGTGAAGCAGAGGCCTGGACAAGGCCTTGAGTGGATTGGAATGATTCATCCTAATAGTGGTAGTACTAACTACAATGAGAAGTTCAAGAGCAAGGCCACACTGACTGTAGACAAATCCTCCAGCACAGCCTACATGCAACTCAGCAGCCTGACATCTGAGGACTCTGCGGTCTATTACTGTGCAAGATGGCGTAGTAGCTCCTTTGACTACTGGGGCCAAGGCACCACTCTCACAGTCTCCTCAGAGAGTCAGTCCTTCCCAAATGTCTTCCCCCTCGTCTCCTGCGAGAGCCCCCTGTCTGATAAGAATCTGGTGGCCATGGGCTGCCTGGCCCGGGACTTCCTGCCCAGCACCATTTCCTTCACCTGGAACTACCAGAACAACACTGAAGTCATCCAGGGTATCAGAACCTTCCCAACACTGAGGACAGGGGGCAAGTACCTAGCCACCTCGCA	F	T	T	F	IGH	IGHV1-64*01	IGHD1-1*01	IGHJ2*01	IGHM	CAGGTCCAACTGCAGCAGCCTGGGGCT...GAGCTGGTAAAGCCTGGGGCTTCAGTGAAGTTGTCCTGCAAGGCTTCTGGCTACACTTTC............ACCAGCTACTGGATGCACTGGGTGAAGCAGAGGCCTGGACAAGGCCTTGAGTGGATTGGAATGATTCATCCTAAT......AGTGGTAGTACTAACTACAATGAGAAGTTCAAG...AGCAAGGCCACACTGACTGTAGACAAATCCTCCAGCACAGCCTACATGCAACTCAGCAGCCTGACATCTGAGGACTCTGCGGTCTATTACTGTGCAAGATGGCGTAGTAGCTCCTTTGACTACTGGGGCCAAGGCACCACTCTCACAGTCTCCTCAG	CAGGTCCAACTGCAGCAGCCTGGGGCT...GAGCTGGTAAAGCCTGGGGCTTCAGTGAAGTTGTCCTGCAAGGCTTCTGGCTACACTTTC............ACCAGCTACTGGATGCACTGGGTGAAGCAGAGGCCTGGACAAGGCCTTGAGTGGATTGGAATGATTCATCCTAAT......AGTGGTAGTACTAACTACAATGAGAAGTTCAAG...AGCAAGGCCACACTGACTGTAGACAAATCCTCCAGCACAGCCTACATGCAACTCAGCAGCCTGACATCTGAGGACTCTGCGGTCTATTACTGTGCAAGANNNNGTAGTAGCTNCTTTGACTACTGGGGCCAAGGCACCACTCTCACAGTCTCCTCAG	TGTGCAAGATGGCGTAGTAGCTCCTTTGACTACTGG	CARWRSSSFDYW	95S294=	393S12N9=	403S4N44=	447S211M	96	389	1	318	394	402	13	21	404	447	5	48	448	658	36	4	1	2885	27	ACGGAGAGTCAAGCGA-1	input_id_2
