sequence_id	sequence	rev_comp	productive	vj_in_frame	stop_codon	locus	v_call	d_call	j_call	sequence_alignment	germline_alignment	junction	junction_aa	cdr1	cdr2	cdr3	cdr3_aa	fwr1	fwr2	fwr3	fwr4	v_cigar	d_cigar	j_cigar	v_sequence_start	v_sequence_end	v_germline_start	v_germline_end	d_sequence_start	d_sequence_end	d_germline_start	d_germline_end	j_sequence_start	j_sequence_end	j_germline_start	j_germline_end	junction_length	np1_length	np2_length	consensus_count	duplicate_count	cell_id	clone_id	subject_id	indels	sequence_vdj	v_sequence_length	v_germ_start_vdj	v_germ_end_vdj	v_germ_length_vdj	v_germline_length	d_sequence_length	d_germline_length	j_sequence_length	j_germline_length	day	v_gene	d_gene	j_gene	germline_alignment_d_mask	germline_v_call	germline_d_call	germline_j_call	cell_id_unique	c_gene	sample_id	single_cell
TACGGTATCAGAGGTG-1_contig_1	TGGGGATGCTTTCTGAGAGTCATGGACCTCCTGTGCAAGAACATGAAGCACCTGTGGTTCTTCCTCCTGCTGGTGGCGGCTCCCAGATGGGTCCTGTCCCAGCTGCAGTTGCAGGAGTCGGGCCCAGGACTGGTGAAGCCTTCGGAGACCCTGTCCCTCACTTGCACTGTCTCTGGTGGCTCCATCAGCAGTAGTAGTTACTACTGGGCCTGGATCCGCCAGCCCCCAGAGAAGGGGCTGGAGTGGGTTGGAAATATATATTATAGTGGGAGCACCCACTACAACCCGTCCCTCAAGAGTCGAGGCACCCTATCAGTAGACACGTCCAAGAACCAGTTCTCCCTGAAGCTGAGCTCTGTGACCGCCGCGGACACGGCCGTGTATTTCTGTGCGAGAATTATCAGTGGCTGGTACTACTTTGACTACTGGGGCCAGGGATCCCTGGTCACCGTCTCCTCAGGGAGTGCATCCGCCCCAACCCTTTTCCCCCTCGTCTCCTGTGAGAATTCCCCGTCGGATACGAGCAGCGTG	F	T	T	F	IGH	IGHV4-39*07	IGHD6-19*01	IGHJ4*02	CAGCTGCAGTTGCAGGAGTCGGGCCCA...GGACTGGTGAAGCCTTCGGAGACCCTGTCCCTCACTTGCACTGTCTCTGGTGGCTCCATCAGC......AGTAGTAGTTACTACTGGGCCTGGATCCGCCAGCCCCCAGAGAAGGGGCTGGAGTGGGTTGGAAATATATATTATAGT.........GGGAGCACCCACTACAACCCGTCCCTCAAG...AGTCGAGGCACCCTATCAGTAGACACGTCCAAGAACCAGTTCTCCCTGAAGCTGAGCTCTGTGACCGCCGCGGACACGGCCGTGTATTTCTGTGCGAGAATTATCAGTGGCTGGTACTACTTTGACTACTGGGGCCAGGGATCCCTGGTCACCGTCTCCTCAG	CAGCTGCAGCTGCAGGAGTCGGGCCCA...GGACTGGTGAAGCCTTCGGAGACCCTGTCCCTCACCTGCACTGTCTCTGGTGGCTCCATCAGC......AGTAGTAGTTACTACTGGGGCTGGATCCGCCAGCCCCCAGGGAAGGGGCTGGAGTGGATTGGGAGTATCTATTATAGT.........GGGAGCACCTACTACAACCCGTCCCTCAAG...AGTCGAGTCACCATATCAGTAGACACGTCCAAGAACCAGTTCTCCCTGAAGCTGAGCTCTGTGACCGCCGCGGACACGGCCGTGTATTACTGTGCGAGANNNNNCAGTGGCTGGTACTACTTTGACTACTGGGGCCAGGGAACCCTGGTCACCGTCTCCTCAG	TGTGCGAGAATTATCAGTGGCTGGTACTACTTTGACTACTGG		GGTGGCTCCATCAGC......AGTAGTAGTTACTAC	ATATATTATAGT.........GGGAGCACC	GCGAGAATTATCAGTGGCTGGTACTACTTTGACTAC	ARIISGWYYFDY	CAGCTGCAGTTGCAGGAGTCGGGCCCA...GGACTGGTGAAGCCTTCGGAGACCCTGTCCCTCACTTGCACTGTCTCT	TGGGCCTGGATCCGCCAGCCCCCAGAGAAGGGGCTGGAGTGGGTTGGAAAT	CACTACAACCCGTCCCTCAAG...AGTCGAGGCACCCTATCAGTAGACACGTCCAAGAACCAGTTCTCCCTGAAGCTGAGCTCTGTGACCGCCGCGGACACGGCCGTGTATTTCTGT	TGGGGCCAGGGATCCCTGGTCACCGTCTCCTCAG				100	396	1	318	402	412	9	19	413	460	1	48	42	5	0	10902	33	TACGGTATCAGAGGTG-1	33	subject1	FALSE	CAGCTGCAGTTGCAGGAGTCGGGCCCAGGACTGGTGAAGCCTTCGGAGACCCTGTCCCTCACTTGCACTGTCTCTGGTGGCTCCATCAGCAGTAGTAGTTACTACTGGGCCTGGATCCGCCAGCCCCCAGAGAAGGGGCTGGAGTGGGTTGGAAATATATATTATAGTGGGAGCACCCACTACAACCCGTCCCTCAAGAGTCGAGGCACCCTATCAGTAGACACGTCCAAGAACCAGTTCTCCCTGAAGCTGAGCTCTGTGACCGCCGCGGACACGGCCGTGTATTTCTGTGCGAGAATTATCAGTGGCTGGTACTACTTTGACTACTGGGGCCAGGGATCCCTGGTCACCGTCTCCTCAG	297	1	297	297	318	11	11	48	48	0	IGHV4-39*07	IGHD6-19*01	IGHJ4*02	CAGCTGCAGCTGCAGGAGTCGGGCCCA...GGACTGGTGAAGCCTTCGGAGACCCTGTCCCTCACCTGCACTGTCTCTGGTGGCTCCATCAGC......AGTAGTAGTTACTACTGGGGCTGGATCCGCCAGCCCCCAGGGAAGGGGCTGGAGTGGATTGGGAGTATCTATTATAGT.........GGGAGCACCTACTACAACCCGTCCCTCAAG...AGTCGAGTCACCATATCAGTAGACACGTCCAAGAACCAGTTCTCCCTGAAGCTGAGCTCTGTGACCGCCGCGGACACGGCCGTGTATTACTGTGCGAGANNNNNNNNNNNNNNNNACTACTTTGACTACTGGGGCCAGGGAACCCTGGTCACCGTCTCCTCAG	IGHV4-39*07	IGHD6-19*01	IGHJ4*02	subject1_FNA_d0_1_Y1_TACGGTATCAGAGGTG-1	IGHM	subject1_FNA_d0_1_Y1	TRUE
GTAGTCACATGGAATA-1_contig_1	CGGTGCTCTTATATGGGGATGCTTTCTGAGAGTCATGGATCTCATGTGGAAGAAAATGAAGCACCTGTGGTTCTTCCTCCTGCTGGTGGCGGCTCCCAGATGGGTCCTGTCCCAGCTGCAGCTGCAGGAGTCGGGCCCAGGACTGGTGAAGCCTTCGGAGACCCTGTCCCTCACCTGCACTGTCTCTGGTGGCTCCATCAGCAGTAGTAGTTACTACTGGGGCTGGATCCGCCAGCCCCCAGGGAAGGGGCTGGAGTGGGTTGGGAGTATCTATCGTAGTGGGAGCACCTACTACAACCCGTCCCTCAAGAGTCGAGTCACCATATCCGTAGACACGTCCAAGAACCAGTTCTCCCTGAAGCTGAACTCTGTGACCGCCGCAGACACGGCTGTGTATCACTGTGCGAGGAGCTGGCAGCTCGCCCCTTACTTTGAAAACTGGGGCCAGGGAACCCTGGTCACCGTCTCCTCAGGGAGTGCATCCGCCCCAACCCTTTTCCCCCTCGTCTCCTGTGAGAATTCCCCGTCGGATACGAGCAGCGTG	F	T	T	F	IGH	IGHV4-39*01	IGHD6-6*01	IGHJ4*02	CAGCTGCAGCTGCAGGAGTCGGGCCCA...GGACTGGTGAAGCCTTCGGAGACCCTGTCCCTCACCTGCACTGTCTCTGGTGGCTCCATCAGC......AGTAGTAGTTACTACTGGGGCTGGATCCGCCAGCCCCCAGGGAAGGGGCTGGAGTGGGTTGGGAGTATCTATCGTAGT.........GGGAGCACCTACTACAACCCGTCCCTCAAG...AGTCGAGTCACCATATCCGTAGACACGTCCAAGAACCAGTTCTCCCTGAAGCTGAACTCTGTGACCGCCGCAGACACGGCTGTGTATCACTGTGCGAGGAGCTGGCAGCTCGCCCCTTACTTTGAAAACTGGGGCCAGGGAACCCTGGTCACCGTCTCCTCAG	CAGCTGCAGCTGCAGGAGTCGGGCCCA...GGACTGGTGAAGCCTTCGGAGACCCTGTCCCTCACCTGCACTGTCTCTGGTGGCTCCATCAGC......AGTAGTAGTTACTACTGGGGCTGGATCCGCCAGCCCCCAGGGAAGGGGCTGGAGTGGATTGGGAGTATCTATTATAGT.........GGGAGCACCTACTACAACCCGTCCCTCAAG...AGTCGAGTCACCATATCAGTAGACACGTCCAAGAACCAGTTCTCCCTGAAGCTGAGCTCTGTGACCGCCGCGGACACGGCCGTGTATTACTGTGCGAGANNNNNCAGTGGCTGGTACTACTTTGACTACTGGGGCCAGGGAACCCTGGTCACCGTCTCCTCAG	TGTGCGAGGAGCTGGCAGCTCGCCCCTTACTTTGAAAACTGG		GGTGGCTCCATCAGC......AGTAGTAGTTACTAC	ATCTATCGTAGT.........GGGAGCACC	GCGAGGAGCTGGCAGCTCGCCCCTTACTTTGAAAAC	ARSWQLAPYFEN	CAGCTGCAGCTGCAGGAGTCGGGCCCA...GGACTGGTGAAGCCTTCGGAGACCCTGTCCCTCACCTGCACTGTCTCT	TGGGGCTGGATCCGCCAGCCCCCAGGGAAGGGGCTGGAGTGGGTTGGGAGT	TACTACAACCCGTCCCTCAAG...AGTCGAGTCACCATATCCGTAGACACGTCCAAGAACCAGTTCTCCCTGAAGCTGAACTCTGTGACCGCCGCAGACACGGCTGTGTATCACTGT	TGGGGCCAGGGAACCCTGGTCACCGTCTCCTCAG				113	408	1	317	415	422	8	15	428	473	3	48	42	6	5	46416	46	GTAGTCACATGGAATA-1	33	subject1	FALSE	CAGCTGCAGCTGCAGGAGTCGGGCCCAGGACTGGTGAAGCCTTCGGAGACCCTGTCCCTCACCTGCACTGTCTCTGGTGGCTCCATCAGCAGTAGTAGTTACTACTGGGGCTGGATCCGCCAGCCCCCAGGGAAGGGGCTGGAGTGGGTTGGGAGTATCTATCGTAGTGGGAGCACCTACTACAACCCGTCCCTCAAGAGTCGAGTCACCATATCCGTAGACACGTCCAAGAACCAGTTCTCCCTGAAGCTGAACTCTGTGACCGCCGCAGACACGGCTGTGTATCACTGTGCGAGGAGCTGGCAGCTCGCCCCTTACTTTGAAAACTGGGGCCAGGGAACCCTGGTCACCGTCTCCTCAG	296	1	296	296	317	8	8	46	46	0	IGHV4-39*01	IGHD6-6*01	IGHJ4*02	CAGCTGCAGCTGCAGGAGTCGGGCCCA...GGACTGGTGAAGCCTTCGGAGACCCTGTCCCTCACCTGCACTGTCTCTGGTGGCTCCATCAGC......AGTAGTAGTTACTACTGGGGCTGGATCCGCCAGCCCCCAGGGAAGGGGCTGGAGTGGATTGGGAGTATCTATTATAGT.........GGGAGCACCTACTACAACCCGTCCCTCAAG...AGTCGAGTCACCATATCAGTAGACACGTCCAAGAACCAGTTCTCCCTGAAGCTGAGCTCTGTGACCGCCGCGGACACGGCCGTGTATTACTGTGCGAGANNNNNNNNNNNNNNNNACTACTTTGACTACTGGGGCCAGGGAACCCTGGTCACCGTCTCCTCAG	IGHV4-39*01	IGHD6-6*01	IGHJ4*02	subject1_FNA_d0_2_Y1_GTAGTCACATGGAATA-1	IGHM	subject1_FNA_d0_2_Y1	TRUE
GCGCGATCAGGGTACA-1_contig_1	GGGGCTTTCTGAGAGTCATGGACCTCCTGTGCAAGAACATGAAGCACCTGTGGTTCTTCCTCCTGCTGGTGGCGGCTCCCAGATGGGTCCTGTCCCAGCTGCAGCTGCAGGAGTCGGGCCCAGGACTGGTGAAGCCTTCGGAGACCCTGGCCCTCACCTGCACTGTCTCTGGTGGCTCCGTCAGCAGTAATGATTACTACGGGGGCTGGATCCGCCAGCCCCCAGGGAAGGGGCTGGAGTGGATTGGGGGTATTCATTATAGTGGGAACACCTACTACAACCCGTCCCTCAAGAGTCGAGTCACCATATCAGTAGACACGTCCAAGAAACAGTTCTCCCTGAAGCTGAGTTCTGTGACCGCCGCGGACACGGCCGTGTATTACTGTGCGAGAGAGGGGAGGGGAGCTACTTACATTGACTACTGGGGCCAGGGAACCCTGGTCACCGTCTCCTCAGGGAGTGCATCCGCCCCAACCCTTTTCCCCCTCGTCTCCTGTGAGAATTCCCCGTCGGATACGAGCAGCGTG	F	T	T	F	IGH	IGHV4-39*07	IGHD1-26*01	IGHJ4*02	CAGCTGCAGCTGCAGGAGTCGGGCCCA...GGACTGGTGAAGCCTTCGGAGACCCTGGCCCTCACCTGCACTGTCTCTGGTGGCTCCGTCAGC......AGTAATGATTACTACGGGGGCTGGATCCGCCAGCCCCCAGGGAAGGGGCTGGAGTGGATTGGGGGTATTCATTATAGT.........GGGAACACCTACTACAACCCGTCCCTCAAG...AGTCGAGTCACCATATCAGTAGACACGTCCAAGAAACAGTTCTCCCTGAAGCTGAGTTCTGTGACCGCCGCGGACACGGCCGTGTATTACTGTGCGAGAGAGGGGAGGGGAGCTACTTACATTGACTACTGGGGCCAGGGAACCCTGGTCACCGTCTCCTCAG	CAGCTGCAGCTGCAGGAGTCGGGCCCA...GGACTGGTGAAGCCTTCGGAGACCCTGTCCCTCACCTGCACTGTCTCTGGTGGCTCCATCAGC......AGTAGTAGTTACTACTGGGGCTGGATCCGCCAGCCCCCAGGGAAGGGGCTGGAGTGGATTGGGAGTATCTATTATAGT.........GGGAGCACCTACTACAACCCGTCCCTCAAG...AGTCGAGTCACCATATCAGTAGACACGTCCAAGAACCAGTTCTCCCTGAAGCTGAGCTCTGTGACCGCCGCGGACACGGCCGTGTATTACTGTGCGAGANNNNNCAGTGGCTGGTACTACTTTGACTACTGGGGCCAGGGAACCCTGGTCACCGTCTCCTCAG	TGTGCGAGAGAGGGGAGGGGAGCTACTTACATTGACTACTGG		GGTGGCTCCGTCAGC......AGTAATGATTACTAC	ATTCATTATAGT.........GGGAACACC	GCGAGAGAGGGGAGGGGAGCTACTTACATTGACTAC	AREGRGATYIDY	CAGCTGCAGCTGCAGGAGTCGGGCCCA...GGACTGGTGAAGCCTTCGGAGACCCTGGCCCTCACCTGCACTGTCTCT	GGGGGCTGGATCCGCCAGCCCCCAGGGAAGGGGCTGGAGTGGATTGGGGGT	TACTACAACCCGTCCCTCAAG...AGTCGAGTCACCATATCAGTAGACACGTCCAAGAAACAGTTCTCCCTGAAGCTGAGTTCTGTGACCGCCGCGGACACGGCCGTGTATTACTGT	TGGGGCCAGGGAACCCTGGTCACCGTCTCCTCAG				96	394	1	320	401	410	9	18	411	456	3	48	42	6	0	41814	61	GCGCGATCAGGGTACA-1	33	subject1	FALSE	CAGCTGCAGCTGCAGGAGTCGGGCCCAGGACTGGTGAAGCCTTCGGAGACCCTGGCCCTCACCTGCACTGTCTCTGGTGGCTCCGTCAGCAGTAATGATTACTACGGGGGCTGGATCCGCCAGCCCCCAGGGAAGGGGCTGGAGTGGATTGGGGGTATTCATTATAGTGGGAACACCTACTACAACCCGTCCCTCAAGAGTCGAGTCACCATATCAGTAGACACGTCCAAGAAACAGTTCTCCCTGAAGCTGAGTTCTGTGACCGCCGCGGACACGGCCGTGTATTACTGTGCGAGAGAGGGGAGGGGAGCTACTTACATTGACTACTGGGGCCAGGGAACCCTGGTCACCGTCTCCTCAG	299	1	299	299	320	10	10	46	46	0	IGHV4-39*07	IGHD1-26*01	IGHJ4*02	CAGCTGCAGCTGCAGGAGTCGGGCCCA...GGACTGGTGAAGCCTTCGGAGACCCTGTCCCTCACCTGCACTGTCTCTGGTGGCTCCATCAGC......AGTAGTAGTTACTACTGGGGCTGGATCCGCCAGCCCCCAGGGAAGGGGCTGGAGTGGATTGGGAGTATCTATTATAGT.........GGGAGCACCTACTACAACCCGTCCCTCAAG...AGTCGAGTCACCATATCAGTAGACACGTCCAAGAACCAGTTCTCCCTGAAGCTGAGCTCTGTGACCGCCGCGGACACGGCCGTGTATTACTGTGCGAGANNNNNNNNNNNNNNNNACTACTTTGACTACTGGGGCCAGGGAACCCTGGTCACCGTCTCCTCAG	IGHV4-39*07	IGHD1-26*01	IGHJ4*02	subject1_FNA_d0_2_Y1_GCGCGATCAGGGTACA-1	IGHM	subject1_FNA_d0_2_Y1	TRUE
TTCTTAGAGTGATCGG-1_contig_1	TGGGGATGCTTTCTGAGAGTCATGGACCTCCTGTGCAAGAACATGAAGCACCTGTGGTTCTTCCTCCTGCTGGTGGCGGCTCCCAGATGGGTCCTGTCCCAACTGCAGCTGCAGGAGTCGGGCCCAGGACTGGTGAAGCCTTCGGAGACCCTGTCCCTCACCTGCACTGTCTCTGGTGGCTCCCTCACCAGTAGAAGTTACTGGTGGGGCTGGATCCGCCAGCCCCCAGGGAAGGGTCTGGAGTGGATAGGGAACATCTACTATAGTGGGAGCCCCTATTATAATCCGTCCCTCAAGAGTCGAGGCACCATATCAGCAGACACGTCCAAGAATCAGTTCTCCCTGAAGCTGACCTCTGTAACCGCCGCGGACACGGCCGTATATTACTGTGCGACACTGTCTACGGTGACTAGGACCTATGACTACTGGGGCCAGGGAAACCTGGTCAGCGTCTCCTCAGCCTCCACCAAGGGCCCATCGGTCTTCCCCCTGGCACCCTCCTCCAAGAGCACCTCTGGGGGCACAGCGGCCCTGGGCTGCCTGGTCAAGGACTACTTCCCCGAACCGGTGACGGTGTCGTGGAACTCAGGCGCCCTGACCAGCGGCGTGCACACCTTCCCGGCTGTCCTACAGTCCTCAGGA	F	T	T	F	IGH	IGHV4-39*07	IGHD4-17*01	IGHJ4*02	CAACTGCAGCTGCAGGAGTCGGGCCCA...GGACTGGTGAAGCCTTCGGAGACCCTGTCCCTCACCTGCACTGTCTCTGGTGGCTCCCTCACC......AGTAGAAGTTACTGGTGGGGCTGGATCCGCCAGCCCCCAGGGAAGGGTCTGGAGTGGATAGGGAACATCTACTATAGT.........GGGAGCCCCTATTATAATCCGTCCCTCAAG...AGTCGAGGCACCATATCAGCAGACACGTCCAAGAATCAGTTCTCCCTGAAGCTGACCTCTGTAACCGCCGCGGACACGGCCGTATATTACTGTGCGACACTGTCTACGGTGACTAGGACCTATGACTACTGGGGCCAGGGAAACCTGGTCAGCGTCTCCTCAG	CAGCTGCAGCTGCAGGAGTCGGGCCCA...GGACTGGTGAAGCCTTCGGAGACCCTGTCCCTCACCTGCACTGTCTCTGGTGGCTCCATCAGC......AGTAGTAGTTACTACTGGGGCTGGATCCGCCAGCCCCCAGGGAAGGGGCTGGAGTGGATTGGGAGTATCTATTATAGT.........GGGAGCACCTACTACAACCCGTCCCTCAAG...AGTCGAGTCACCATATCAGTAGACACGTCCAAGAACCAGTTCTCCCTGAAGCTGAGCTCTGTGACCGCCGCGGACACGGCCGTGTATTACTGTGCGAGANNNNNCAGTGGCTGGTACTACTTTGACTACTGGGGCCAGGGAACCCTGGTCACCGTCTCCTCAG	TGTGCGACACTGTCTACGGTGACTAGGACCTATGACTACTGG		GGTGGCTCCCTCACC......AGTAGAAGTTACTGG	ATCTACTATAGT.........GGGAGCCCC	GCGACACTGTCTACGGTGACTAGGACCTATGACTAC	ATLSTVTRTYDY	CAACTGCAGCTGCAGGAGTCGGGCCCA...GGACTGGTGAAGCCTTCGGAGACCCTGTCCCTCACCTGCACTGTCTCT	TGGGGCTGGATCCGCCAGCCCCCAGGGAAGGGTCTGGAGTGGATAGGGAAC	TATTATAATCCGTCCCTCAAG...AGTCGAGGCACCATATCAGCAGACACGTCCAAGAATCAGTTCTCCCTGAAGCTGACCTCTGTAACCGCCGCGGACACGGCCGTATATTACTGT	TGGGGCCAGGGAAACCTGGTCAGCGTCTCCTCAG				100	394	1	316	401	412	4	15	420	460	8	48	42	6	7	644	3	TTCTTAGAGTGATCGG-1	33	subject1	FALSE	CAACTGCAGCTGCAGGAGTCGGGCCCAGGACTGGTGAAGCCTTCGGAGACCCTGTCCCTCACCTGCACTGTCTCTGGTGGCTCCCTCACCAGTAGAAGTTACTGGTGGGGCTGGATCCGCCAGCCCCCAGGGAAGGGTCTGGAGTGGATAGGGAACATCTACTATAGTGGGAGCCCCTATTATAATCCGTCCCTCAAGAGTCGAGGCACCATATCAGCAGACACGTCCAAGAATCAGTTCTCCCTGAAGCTGACCTCTGTAACCGCCGCGGACACGGCCGTATATTACTGTGCGACACTGTCTACGGTGACTAGGACCTATGACTACTGGGGCCAGGGAAACCTGGTCAGCGTCTCCTCAG	295	1	295	295	316	12	12	41	41	5	IGHV4-39*07	IGHD4-17*01	IGHJ4*02	CAGCTGCAGCTGCAGGAGTCGGGCCCA...GGACTGGTGAAGCCTTCGGAGACCCTGTCCCTCACCTGCACTGTCTCTGGTGGCTCCATCAGC......AGTAGTAGTTACTACTGGGGCTGGATCCGCCAGCCCCCAGGGAAGGGGCTGGAGTGGATTGGGAGTATCTATTATAGT.........GGGAGCACCTACTACAACCCGTCCCTCAAG...AGTCGAGTCACCATATCAGTAGACACGTCCAAGAACCAGTTCTCCCTGAAGCTGAGCTCTGTGACCGCCGCGGACACGGCCGTGTATTACTGTGCGAGANNNNNNNNNNNNNNNNACTACTTTGACTACTGGGGCCAGGGAACCCTGGTCACCGTCTCCTCAG	IGHV4-39*07	IGHD4-17*01	IGHJ4*02	subject1_FNA_d5_1_Y1_TTCTTAGAGTGATCGG-1	IGHG	subject1_FNA_d5_1_Y1	TRUE
TACGGTAAGAAGGTGA-1_contig_1	TGGGGATGCTTTCTGAGAGTCATGGATCTCATGTGCAAGAAAATGAAGCACCTGTGGTTCTTCCTCCTGCTGGTGGCGGCTCCCAGATGGGTCCTGTCCCAGCTGCAGCTGCAGGAGTCGGGCCCAGGACTGGTGAAGCCTTCGGAGACCCTGTCCCTCACCTGCACTGTCTCTGGTGGCTCCATCAGCAGTAGTAGTTACTACTGGGGCTGGATCCGCCAGCCCCCAGGGAAGGGGCTGGAGTGGATTGGGAGTATCTATTATAGTGGGAGCACCTACTACAACCCGTCCCTCAAGAGTCGAGTCACCATATCCGTAGACACGTCCAAGAACCAGTTCTCCCTGAAGCTGAGCTCTGTGACCGCCGCAGACACGGCTGTGTATTACTGTGCGAGACCTAGCAGTGGCTGGTACTACTTTGACTACTGGGGCCAGGGAACCCTGGTCACCGTCTCCTCAGGGAGTGCATCCGCCCCAACCCTTTTCCCCCTCGTCTCCTGTGAGAATTCCCCGTCGGATACGAGCAGCGTG	F	T	T	F	IGH	IGHV4-39*01	IGHD6-19*01	IGHJ4*02	CAGCTGCAGCTGCAGGAGTCGGGCCCA...GGACTGGTGAAGCCTTCGGAGACCCTGTCCCTCACCTGCACTGTCTCTGGTGGCTCCATCAGC......AGTAGTAGTTACTACTGGGGCTGGATCCGCCAGCCCCCAGGGAAGGGGCTGGAGTGGATTGGGAGTATCTATTATAGT.........GGGAGCACCTACTACAACCCGTCCCTCAAG...AGTCGAGTCACCATATCCGTAGACACGTCCAAGAACCAGTTCTCCCTGAAGCTGAGCTCTGTGACCGCCGCAGACACGGCTGTGTATTACTGTGCGAGACCTAGCAGTGGCTGGTACTACTTTGACTACTGGGGCCAGGGAACCCTGGTCACCGTCTCCTCAG	CAGCTGCAGCTGCAGGAGTCGGGCCCA...GGACTGGTGAAGCCTTCGGAGACCCTGTCCCTCACCTGCACTGTCTCTGGTGGCTCCATCAGC......AGTAGTAGTTACTACTGGGGCTGGATCCGCCAGCCCCCAGGGAAGGGGCTGGAGTGGATTGGGAGTATCTATTATAGT.........GGGAGCACCTACTACAACCCGTCCCTCAAG...AGTCGAGTCACCATATCAGTAGACACGTCCAAGAACCAGTTCTCCCTGAAGCTGAGCTCTGTGACCGCCGCGGACACGGCCGTGTATTACTGTGCGAGANNNNNCAGTGGCTGGTACTACTTTGACTACTGGGGCCAGGGAACCCTGGTCACCGTCTCCTCAG	TGTGCGAGACCTAGCAGTGGCTGGTACTACTTTGACTACTGG		GGTGGCTCCATCAGC......AGTAGTAGTTACTAC	ATCTATTATAGT.........GGGAGCACC	GCGAGACCTAGCAGTGGCTGGTACTACTTTGACTAC	ARPSSGWYYFDY	CAGCTGCAGCTGCAGGAGTCGGGCCCA...GGACTGGTGAAGCCTTCGGAGACCCTGTCCCTCACCTGCACTGTCTCT	TGGGGCTGGATCCGCCAGCCCCCAGGGAAGGGGCTGGAGTGGATTGGGAGT	TACTACAACCCGTCCCTCAAG...AGTCGAGTCACCATATCCGTAGACACGTCCAAGAACCAGTTCTCCCTGAAGCTGAGCTCTGTGACCGCCGCAGACACGGCTGTGTATTACTGT	TGGGGCCAGGGAACCCTGGTCACCGTCTCCTCAG				100	397	1	319	399	412	6	19	413	460	1	48	42	1	0	6126	18	TACGGTAAGAAGGTGA-1	33	subject1	FALSE	CAGCTGCAGCTGCAGGAGTCGGGCCCAGGACTGGTGAAGCCTTCGGAGACCCTGTCCCTCACCTGCACTGTCTCTGGTGGCTCCATCAGCAGTAGTAGTTACTACTGGGGCTGGATCCGCCAGCCCCCAGGGAAGGGGCTGGAGTGGATTGGGAGTATCTATTATAGTGGGAGCACCTACTACAACCCGTCCCTCAAGAGTCGAGTCACCATATCCGTAGACACGTCCAAGAACCAGTTCTCCCTGAAGCTGAGCTCTGTGACCGCCGCAGACACGGCTGTGTATTACTGTGCGAGACCTAGCAGTGGCTGGTACTACTTTGACTACTGGGGCCAGGGAACCCTGGTCACCGTCTCCTCAG	298	1	298	298	319	14	14	48	48	12	IGHV4-39*01	IGHD6-19*01	IGHJ4*02	CAGCTGCAGCTGCAGGAGTCGGGCCCA...GGACTGGTGAAGCCTTCGGAGACCCTGTCCCTCACCTGCACTGTCTCTGGTGGCTCCATCAGC......AGTAGTAGTTACTACTGGGGCTGGATCCGCCAGCCCCCAGGGAAGGGGCTGGAGTGGATTGGGAGTATCTATTATAGT.........GGGAGCACCTACTACAACCCGTCCCTCAAG...AGTCGAGTCACCATATCAGTAGACACGTCCAAGAACCAGTTCTCCCTGAAGCTGAGCTCTGTGACCGCCGCGGACACGGCCGTGTATTACTGTGCGAGANNNNNNNNNNNNNNNNACTACTTTGACTACTGGGGCCAGGGAACCCTGGTCACCGTCTCCTCAG	IGHV4-39*07	IGHD6-19*01	IGHJ4*02	subject1_FNA_d12_1_Y1_TACGGTAAGAAGGTGA-1	IGHM	subject1_FNA_d12_1_Y1	TRUE
AGGTCCGCATGAACCT-1_contig_1	GGGGGCTTTCTGAGAGTCATGGACCTCCTGTGCAAGAACATGAAGCACCTGTGGTTCTTCCTCCTGCTGGTGGCGGCTCCCAGATGGGTCCTGTCCCAGCTGCAGTTGCAGGAGTCGGGCCCAGGACTGGTGAAGCCTTCGGAGACCCTGTCCCTCACTTGCACTGTCTCTGGTGGCTCCATCAGCAGTAGTAGTTACTACTGGGCCTGGATCCGCCAGCCCCCAGAGAAGGGGCTGGAGTGGGTTGGAAATATATATTATAGTGGGAGCACCCACTACAACCCGTCCCTCAAGAGTCGAGGCACCCTATCAGTAGACACGTCCAAGAACCAGTTCTCCCTGAAGCTGAGCTCTGTGACCGCCGCGGACACGGCCGTGTATTTCTGTGCGAGAATTATCAGTGGCTGGTACTACTTTGACTACTGGGGCCAGGGATCCCTGGTCACCGTCTCCTCAGGGAGTGCATCCGCCCCAACCCTTTTCCCCCTCGTCTCCTGTGAGAATTCCCCGTCGGATACGAGCAGCGTG	F	T	T	F	IGH	IGHV4-39*07	IGHD6-19*01	IGHJ4*02	CAGCTGCAGTTGCAGGAGTCGGGCCCA...GGACTGGTGAAGCCTTCGGAGACCCTGTCCCTCACTTGCACTGTCTCTGGTGGCTCCATCAGC......AGTAGTAGTTACTACTGGGCCTGGATCCGCCAGCCCCCAGAGAAGGGGCTGGAGTGGGTTGGAAATATATATTATAGT.........GGGAGCACCCACTACAACCCGTCCCTCAAG...AGTCGAGGCACCCTATCAGTAGACACGTCCAAGAACCAGTTCTCCCTGAAGCTGAGCTCTGTGACCGCCGCGGACACGGCCGTGTATTTCTGTGCGAGAATTATCAGTGGCTGGTACTACTTTGACTACTGGGGCCAGGGATCCCTGGTCACCGTCTCCTCAG	CAGCTGCAGCTGCAGGAGTCGGGCCCA...GGACTGGTGAAGCCTTCGGAGACCCTGTCCCTCACCTGCACTGTCTCTGGTGGCTCCATCAGC......AGTAGTAGTTACTACTGGGGCTGGATCCGCCAGCCCCCAGGGAAGGGGCTGGAGTGGATTGGGAGTATCTATTATAGT.........GGGAGCACCTACTACAACCCGTCCCTCAAG...AGTCGAGTCACCATATCAGTAGACACGTCCAAGAACCAGTTCTCCCTGAAGCTGAGCTCTGTGACCGCCGCGGACACGGCCGTGTATTACTGTGCGAGANNNNNCAGTGGCTGGTACTACTTTGACTACTGGGGCCAGGGAACCCTGGTCACCGTCTCCTCAG	TGTGCGAGAATTATCAGTGGCTGGTACTACTTTGACTACTGG		GGTGGCTCCATCAGC......AGTAGTAGTTACTAC	ATATATTATAGT.........GGGAGCACC	GCGAGAATTATCAGTGGCTGGTACTACTTTGACTAC	ARIISGWYYFDY	CAGCTGCAGTTGCAGGAGTCGGGCCCA...GGACTGGTGAAGCCTTCGGAGACCCTGTCCCTCACTTGCACTGTCTCT	TGGGCCTGGATCCGCCAGCCCCCAGAGAAGGGGCTGGAGTGGGTTGGAAAT	CACTACAACCCGTCCCTCAAG...AGTCGAGGCACCCTATCAGTAGACACGTCCAAGAACCAGTTCTCCCTGAAGCTGAGCTCTGTGACCGCCGCGGACACGGCCGTGTATTTCTGT	TGGGGCCAGGGATCCCTGGTCACCGTCTCCTCAG				97	393	1	318	399	409	9	19	410	457	1	48	42	5	0	5798	19	AGGTCCGCATGAACCT-1	33	subject1	FALSE	CAGCTGCAGTTGCAGGAGTCGGGCCCAGGACTGGTGAAGCCTTCGGAGACCCTGTCCCTCACTTGCACTGTCTCTGGTGGCTCCATCAGCAGTAGTAGTTACTACTGGGCCTGGATCCGCCAGCCCCCAGAGAAGGGGCTGGAGTGGGTTGGAAATATATATTATAGTGGGAGCACCCACTACAACCCGTCCCTCAAGAGTCGAGGCACCCTATCAGTAGACACGTCCAAGAACCAGTTCTCCCTGAAGCTGAGCTCTGTGACCGCCGCGGACACGGCCGTGTATTTCTGTGCGAGAATTATCAGTGGCTGGTACTACTTTGACTACTGGGGCCAGGGATCCCTGGTCACCGTCTCCTCAG	297	1	297	297	318	11	11	48	48	28	IGHV4-39*07	IGHD6-19*01	IGHJ4*02	CAGCTGCAGCTGCAGGAGTCGGGCCCA...GGACTGGTGAAGCCTTCGGAGACCCTGTCCCTCACCTGCACTGTCTCTGGTGGCTCCATCAGC......AGTAGTAGTTACTACTGGGGCTGGATCCGCCAGCCCCCAGGGAAGGGGCTGGAGTGGATTGGGAGTATCTATTATAGT.........GGGAGCACCTACTACAACCCGTCCCTCAAG...AGTCGAGTCACCATATCAGTAGACACGTCCAAGAACCAGTTCTCCCTGAAGCTGAGCTCTGTGACCGCCGCGGACACGGCCGTGTATTACTGTGCGAGANNNNNNNNNNNNNNNNACTACTTTGACTACTGGGGCCAGGGAACCCTGGTCACCGTCTCCTCAG	IGHV4-39*07	IGHD6-19*01	IGHJ4*02	subject1_FNA_d28_2_Y1_AGGTCCGCATGAACCT-1	IGHM	subject1_FNA_d28_2_Y1	TRUE
GATCTAGAGTCGTTTG-1_contig_1	TGGGGATGCTTTCTGAGAGTCATGGATCTCATGTGCAAGAAAATGAAGCACCTGTGGTTCTTCCTCCTGCTGGTGGCGGCTCCCAGATGGGTCCTGTCCCAGCTGCAGCTGCAGGAGTCGGGCCCAGGACTGGTGAAGCCTTCGGAGACCCTGTCCCTCACCTGCACTGTCTCTGGTGACTCCATCAGCAGTAGTAGTTACTACTGGGGCTGGATCCGCCAGCCCCCAGGGAAGGGGCTGGAGTGGATTGGGAGTTTCTCTTATAGTGGGGGCACCTACTACAACCCGTCCCTCAAGAGTCGAGTCACCATATCCGTGGACACGTCCAAGAACCAGTTCTCCCTGAAGCTGAGCTCTGTGACCGCCGCAGACACGGCTGTGTTTTACTGTGCGAGGAGTTGGCAGCTCGCCCCCTACTTTGAGGACTGGGGCCAGGGAGCCCTGGTCACCGTCTCCTCAGGGAGTGCATCCGCCCCAACCCTTTTCCCCCTCGTCTCCTGTGAGAATTCCCCGTCGGATACGAGCAGCGTG	F	T	T	F	IGH	IGHV4-39*01	IGHD6-6*01	IGHJ4*02	CAGCTGCAGCTGCAGGAGTCGGGCCCA...GGACTGGTGAAGCCTTCGGAGACCCTGTCCCTCACCTGCACTGTCTCTGGTGACTCCATCAGC......AGTAGTAGTTACTACTGGGGCTGGATCCGCCAGCCCCCAGGGAAGGGGCTGGAGTGGATTGGGAGTTTCTCTTATAGT.........GGGGGCACCTACTACAACCCGTCCCTCAAG...AGTCGAGTCACCATATCCGTGGACACGTCCAAGAACCAGTTCTCCCTGAAGCTGAGCTCTGTGACCGCCGCAGACACGGCTGTGTTTTACTGTGCGAGGAGTTGGCAGCTCGCCCCCTACTTTGAGGACTGGGGCCAGGGAGCCCTGGTCACCGTCTCCTCAG	CAGCTGCAGCTGCAGGAGTCGGGCCCA...GGACTGGTGAAGCCTTCGGAGACCCTGTCCCTCACCTGCACTGTCTCTGGTGGCTCCATCAGC......AGTAGTAGTTACTACTGGGGCTGGATCCGCCAGCCCCCAGGGAAGGGGCTGGAGTGGATTGGGAGTATCTATTATAGT.........GGGAGCACCTACTACAACCCGTCCCTCAAG...AGTCGAGTCACCATATCAGTAGACACGTCCAAGAACCAGTTCTCCCTGAAGCTGAGCTCTGTGACCGCCGCGGACACGGCCGTGTATTACTGTGCGAGANNNNNCAGTGGCTGGTACTACTTTGACTACTGGGGCCAGGGAACCCTGGTCACCGTCTCCTCAG	TGTGCGAGGAGTTGGCAGCTCGCCCCCTACTTTGAGGACTGG		GGTGACTCCATCAGC......AGTAGTAGTTACTAC	TTCTCTTATAGT.........GGGGGCACC	GCGAGGAGTTGGCAGCTCGCCCCCTACTTTGAGGAC	ARSWQLAPYFED	CAGCTGCAGCTGCAGGAGTCGGGCCCA...GGACTGGTGAAGCCTTCGGAGACCCTGTCCCTCACCTGCACTGTCTCT	TGGGGCTGGATCCGCCAGCCCCCAGGGAAGGGGCTGGAGTGGATTGGGAGT	TACTACAACCCGTCCCTCAAG...AGTCGAGTCACCATATCCGTGGACACGTCCAAGAACCAGTTCTCCCTGAAGCTGAGCTCTGTGACCGCCGCAGACACGGCTGTGTTTTACTGT	TGGGGCCAGGGAGCCCTGGTCACCGTCTCCTCAG				100	395	1	317	402	409	8	15	414	460	2	48	42	6	4	578	89	GATCTAGAGTCGTTTG-1	33	subject1	FALSE	CAGCTGCAGCTGCAGGAGTCGGGCCCAGGACTGGTGAAGCCTTCGGAGACCCTGTCCCTCACCTGCACTGTCTCTGGTGACTCCATCAGCAGTAGTAGTTACTACTGGGGCTGGATCCGCCAGCCCCCAGGGAAGGGGCTGGAGTGGATTGGGAGTTTCTCTTATAGTGGGGGCACCTACTACAACCCGTCCCTCAAGAGTCGAGTCACCATATCCGTGGACACGTCCAAGAACCAGTTCTCCCTGAAGCTGAGCTCTGTGACCGCCGCAGACACGGCTGTGTTTTACTGTGCGAGGAGTTGGCAGCTCGCCCCCTACTTTGAGGACTGGGGCCAGGGAGCCCTGGTCACCGTCTCCTCAG	296	1	296	296	317	8	8	47	47	60	IGHV4-39*01	IGHD6-6*01	IGHJ4*02	CAGCTGCAGCTGCAGGAGTCGGGCCCA...GGACTGGTGAAGCCTTCGGAGACCCTGTCCCTCACCTGCACTGTCTCTGGTGGCTCCATCAGC......AGTAGTAGTTACTACTGGGGCTGGATCCGCCAGCCCCCAGGGAAGGGGCTGGAGTGGATTGGGAGTATCTATTATAGT.........GGGAGCACCTACTACAACCCGTCCCTCAAG...AGTCGAGTCACCATATCAGTAGACACGTCCAAGAACCAGTTCTCCCTGAAGCTGAGCTCTGTGACCGCCGCGGACACGGCCGTGTATTACTGTGCGAGANNNNNNNNNNNNNNNNACTACTTTGACTACTGGGGCCAGGGAACCCTGGTCACCGTCTCCTCAG	IGHV4-39*01	IGHD6-6*01	IGHJ4*02	subject1_FNA_d60_1_Y1_GATCTAGAGTCGTTTG-1	IGHM	subject1_FNA_d60_1_Y1	TRUE
TACTCATAGGAACTGC-1_contig_1	TGGGGCTTTCTGAGAGTCATGGACCTCCTGTGCAAGAACATGAAGCACCTGTGGTTCTTCCTCCTGCTGGTGGCGGCTCCCAGATGGGTCCTGTCCCAGCTGCAGCTGCAGGAGTCGGGCCCAGGACTGGTGAAGCCTTCGGAGACCCTGGCCCTCACCTGCACTGTCTCTGGTGGCTCCGTCAGCAGTAATGATTACTACGGGGGCTGGATCCGCCAGCCCCCAGGGAAGGGGCTGGAGTGGATTGGGGGTATTCATTATAGTGGGAACACCTACTACAACCCGTCCCTCAAGAGTCGAGTCACCATATCAGTAGACACGTCCAAGAAACAGTTCTCCCTGAAGCTGAGTTCTGTGACCGCCGCGGACACGGCCGTGTATTACTGTGCGAGAGAGGGGAGGGGAGCTACTTACATTGACTACTGGGGCCAGGGAACCCTGGTCACCGTCTCCTCAGGGAGTGCATCCGCCCCAACCCTTTTCCCCCTCGTCTCCTGTGAGAATTCCCCGTCGGATACGAGCAGCGTG	F	T	T	F	IGH	IGHV4-39*07	IGHD1-26*01	IGHJ4*02	CAGCTGCAGCTGCAGGAGTCGGGCCCA...GGACTGGTGAAGCCTTCGGAGACCCTGGCCCTCACCTGCACTGTCTCTGGTGGCTCCGTCAGC......AGTAATGATTACTACGGGGGCTGGATCCGCCAGCCCCCAGGGAAGGGGCTGGAGTGGATTGGGGGTATTCATTATAGT.........GGGAACACCTACTACAACCCGTCCCTCAAG...AGTCGAGTCACCATATCAGTAGACACGTCCAAGAAACAGTTCTCCCTGAAGCTGAGTTCTGTGACCGCCGCGGACACGGCCGTGTATTACTGTGCGAGAGAGGGGAGGGGAGCTACTTACATTGACTACTGGGGCCAGGGAACCCTGGTCACCGTCTCCTCAG	CAGCTGCAGCTGCAGGAGTCGGGCCCA...GGACTGGTGAAGCCTTCGGAGACCCTGTCCCTCACCTGCACTGTCTCTGGTGGCTCCATCAGC......AGTAGTAGTTACTACTGGGGCTGGATCCGCCAGCCCCCAGGGAAGGGGCTGGAGTGGATTGGGAGTATCTATTATAGT.........GGGAGCACCTACTACAACCCGTCCCTCAAG...AGTCGAGTCACCATATCAGTAGACACGTCCAAGAACCAGTTCTCCCTGAAGCTGAGCTCTGTGACCGCCGCGGACACGGCCGTGTATTACTGTGCGAGANNNNNCAGTGGCTGGTACTACTTTGACTACTGGGGCCAGGGAACCCTGGTCACCGTCTCCTCAG	TGTGCGAGAGAGGGGAGGGGAGCTACTTACATTGACTACTGG		GGTGGCTCCGTCAGC......AGTAATGATTACTAC	ATTCATTATAGT.........GGGAACACC	GCGAGAGAGGGGAGGGGAGCTACTTACATTGACTAC	AREGRGATYIDY	CAGCTGCAGCTGCAGGAGTCGGGCCCA...GGACTGGTGAAGCCTTCGGAGACCCTGGCCCTCACCTGCACTGTCTCT	GGGGGCTGGATCCGCCAGCCCCCAGGGAAGGGGCTGGAGTGGATTGGGGGT	TACTACAACCCGTCCCTCAAG...AGTCGAGTCACCATATCAGTAGACACGTCCAAGAAACAGTTCTCCCTGAAGCTGAGTTCTGTGACCGCCGCGGACACGGCCGTGTATTACTGT	TGGGGCCAGGGAACCCTGGTCACCGTCTCCTCAG				97	395	1	320	402	411	9	18	412	457	3	48	42	6	0	7620	53	TACTCATAGGAACTGC-1	33	subject1	FALSE	CAGCTGCAGCTGCAGGAGTCGGGCCCAGGACTGGTGAAGCCTTCGGAGACCCTGGCCCTCACCTGCACTGTCTCTGGTGGCTCCGTCAGCAGTAATGATTACTACGGGGGCTGGATCCGCCAGCCCCCAGGGAAGGGGCTGGAGTGGATTGGGGGTATTCATTATAGTGGGAACACCTACTACAACCCGTCCCTCAAGAGTCGAGTCACCATATCAGTAGACACGTCCAAGAAACAGTTCTCCCTGAAGCTGAGTTCTGTGACCGCCGCGGACACGGCCGTGTATTACTGTGCGAGAGAGGGGAGGGGAGCTACTTACATTGACTACTGGGGCCAGGGAACCCTGGTCACCGTCTCCTCAG	299	1	299	299	320	10	10	46	46	60	IGHV4-39*07	IGHD1-26*01	IGHJ4*02	CAGCTGCAGCTGCAGGAGTCGGGCCCA...GGACTGGTGAAGCCTTCGGAGACCCTGTCCCTCACCTGCACTGTCTCTGGTGGCTCCATCAGC......AGTAGTAGTTACTACTGGGGCTGGATCCGCCAGCCCCCAGGGAAGGGGCTGGAGTGGATTGGGAGTATCTATTATAGT.........GGGAGCACCTACTACAACCCGTCCCTCAAG...AGTCGAGTCACCATATCAGTAGACACGTCCAAGAACCAGTTCTCCCTGAAGCTGAGCTCTGTGACCGCCGCGGACACGGCCGTGTATTACTGTGCGAGANNNNNNNNNNNNNNNNACTACTTTGACTACTGGGGCCAGGGAACCCTGGTCACCGTCTCCTCAG	IGHV4-39*07	IGHD1-26*01	IGHJ4*02	subject1_FNA_d60_1_Y1_TACTCATAGGAACTGC-1	IGHM	subject1_FNA_d60_1_Y1	TRUE
GTATTCTCAGGGTACA-1_contig_1	GGGTCCCCGCTCAGCTCTTTCTTATATGGGGATGCTTTCTGAGAGTCATGGACCTCCTGTGCAAGAACATGAAGCACCTGTGGTTCTTCCTCCTGCTGGTGGCGGCTCCCAGATGGGTCCTGTCCCAGTTGCAGCTGCAGGAGTCGGGCCCAGGACTGGTGAAGCCTTCGGAGACCCTGTCCCTCACTTGCACTGTCTCTGGTGGCTCCATCAGCAGTAGTAATTACTACTGGGCCTGGATCCGCCAGCCCCCAGAGAAGGGGCTGGAGTGGGTTGGGAGCATATATTATAGTGGGACCACCCACTACAACCCGTCCCTCAAGAGTCGAGTCACCATATCAGTAGACAAGTCCAAGAACCAGTTCTCCCTGAAACTGAGCTCTGTGACCGCCGCGGACACGGCCGTGTATTTCTGTGCGAGAATTACCAGTGTCTGGTACTACTTTGACTTCTGGGGCCAGGGATCCCTGGTCACCGTCTCCTCAGGGAGTGCATCCGCCCCAACCCTTTTCCCCCTCGTCTCCTGTGAGAATTCCCCGTCGGATACGAGCAGCGTG	F	T	T	F	IGH	IGHV4-39*07	IGHD6-19*01	IGHJ4*02	CAGTTGCAGCTGCAGGAGTCGGGCCCA...GGACTGGTGAAGCCTTCGGAGACCCTGTCCCTCACTTGCACTGTCTCTGGTGGCTCCATCAGC......AGTAGTAATTACTACTGGGCCTGGATCCGCCAGCCCCCAGAGAAGGGGCTGGAGTGGGTTGGGAGCATATATTATAGT.........GGGACCACCCACTACAACCCGTCCCTCAAG...AGTCGAGTCACCATATCAGTAGACAAGTCCAAGAACCAGTTCTCCCTGAAACTGAGCTCTGTGACCGCCGCGGACACGGCCGTGTATTTCTGTGCGAGAATTACCAGTGTCTGGTACTACTTTGACTTCTGGGGCCAGGGATCCCTGGTCACCGTCTCCTCAG	CAGCTGCAGCTGCAGGAGTCGGGCCCA...GGACTGGTGAAGCCTTCGGAGACCCTGTCCCTCACCTGCACTGTCTCTGGTGGCTCCATCAGC......AGTAGTAGTTACTACTGGGGCTGGATCCGCCAGCCCCCAGGGAAGGGGCTGGAGTGGATTGGGAGTATCTATTATAGT.........GGGAGCACCTACTACAACCCGTCCCTCAAG...AGTCGAGTCACCATATCAGTAGACACGTCCAAGAACCAGTTCTCCCTGAAGCTGAGCTCTGTGACCGCCGCGGACACGGCCGTGTATTACTGTGCGAGANNNNNCAGTGGCTGGTACTACTTTGACTACTGGGGCCAGGGAACCCTGGTCACCGTCTCCTCAG	TGTGCGAGAATTACCAGTGTCTGGTACTACTTTGACTTCTGG		GGTGGCTCCATCAGC......AGTAGTAATTACTAC	ATATATTATAGT.........GGGACCACC	GCGAGAATTACCAGTGTCTGGTACTACTTTGACTTC	ARITSVWYYFDF	CAGTTGCAGCTGCAGGAGTCGGGCCCA...GGACTGGTGAAGCCTTCGGAGACCCTGTCCCTCACTTGCACTGTCTCT	TGGGCCTGGATCCGCCAGCCCCCAGAGAAGGGGCTGGAGTGGGTTGGGAGC	CACTACAACCCGTCCCTCAAG...AGTCGAGTCACCATATCAGTAGACAAGTCCAAGAACCAGTTCTCCCTGAAACTGAGCTCTGTGACCGCCGCGGACACGGCCGTGTATTTCTGT	TGGGGCCAGGGATCCCTGGTCACCGTCTCCTCAG				126	422	1	318	428	438	9	19	439	486	1	48	42	5	0	336	3	GTATTCTCAGGGTACA-1	33	subject1	FALSE	CAGTTGCAGCTGCAGGAGTCGGGCCCAGGACTGGTGAAGCCTTCGGAGACCCTGTCCCTCACTTGCACTGTCTCTGGTGGCTCCATCAGCAGTAGTAATTACTACTGGGCCTGGATCCGCCAGCCCCCAGAGAAGGGGCTGGAGTGGGTTGGGAGCATATATTATAGTGGGACCACCCACTACAACCCGTCCCTCAAGAGTCGAGTCACCATATCAGTAGACAAGTCCAAGAACCAGTTCTCCCTGAAACTGAGCTCTGTGACCGCCGCGGACACGGCCGTGTATTTCTGTGCGAGAATTACCAGTGTCTGGTACTACTTTGACTTCTGGGGCCAGGGATCCCTGGTCACCGTCTCCTCAG	297	1	297	297	318	11	11	48	48	60	IGHV4-39*07	IGHD6-19*01	IGHJ4*02	CAGCTGCAGCTGCAGGAGTCGGGCCCA...GGACTGGTGAAGCCTTCGGAGACCCTGTCCCTCACCTGCACTGTCTCTGGTGGCTCCATCAGC......AGTAGTAGTTACTACTGGGGCTGGATCCGCCAGCCCCCAGGGAAGGGGCTGGAGTGGATTGGGAGTATCTATTATAGT.........GGGAGCACCTACTACAACCCGTCCCTCAAG...AGTCGAGTCACCATATCAGTAGACACGTCCAAGAACCAGTTCTCCCTGAAGCTGAGCTCTGTGACCGCCGCGGACACGGCCGTGTATTACTGTGCGAGANNNNNNNNNNNNNNNNACTACTTTGACTACTGGGGCCAGGGAACCCTGGTCACCGTCTCCTCAG	IGHV4-39*07	IGHD6-19*01	IGHJ4*02	subject1_FNA_d60_2_Y1_GTATTCTCAGGGTACA-1	IGHM	subject1_FNA_d60_2_Y1	TRUE
TACGGTATCAGAGGTG-1_contig_2	TATCTGGGGAGGAGTCAGTCTCAGTCAGGACACAGCATGGACATGAGGGTCCCCGCTCAGCTCCTGGGGCTCCTGCTACTCTGGCTCCGAGGTGCCAGATGTGACATCCAGATGACCCAGTCTCCTTCCTCCCTGTCTGCATCTGTAGGAGACAGCGTCACCATCACTTGCCGGGCAAGTCAGAGCATTACTAGCTCTTTAAATTGGTATCAGCAGAAACCAGGGAACGCCCCTAAGCTCCTGATCTATGCTGCATCCAGTTTGCAAAGTGGGGTCTCATCAAGGTTCAGCGGCAGTGGATCTGGGACAGTTTTCATTCTCACCATCACCAGTCTACAACTTGAAGATTTTGCAACTTACTACTGTCAACAGAGTTACAGTACCCTGTACACTTTTGGCCAGGGGACCAAGCTGGAGGTCAAACGAACTGTGGCTGCACCATCTGTCTTCATCTTCCCGCCATCTGATGAGCAGTTGAAATCTGGAACTGCCTCTGTTGTGTGCCTGCTGAATAACTTCTATCCCAGAGAGGCCAAAGTACAGTGGAAGGTGGATAACGC	F	T	T	F	IGK	IGKV1-39*01,IGKV1D-39*01		IGKJ2*01	GACATCCAGATGACCCAGTCTCCTTCCTCCCTGTCTGCATCTGTAGGAGACAGCGTCACCATCACTTGCCGGGCAAGTCAGAGCATT..................ACTAGCTCTTTAAATTGGTATCAGCAGAAACCAGGGAACGCCCCTAAGCTCCTGATCTATGCTGCA.....................TCCAGTTTGCAAAGTGGGGTCTCA...TCAAGGTTCAGCGGCAGTGGA......TCTGGGACAGTTTTCATTCTCACCATCACCAGTCTACAACTTGAAGATTTTGCAACTTACTACTGTCAACAGAGTTACAGTACCCTGTACACTTTTGGCCAGGGGACCAAGCTGGAGGTCAAAC	GACATCCAGATGACCCAGTCTCCATCCTCCCTGTCTGCATCTGTAGGAGACAGAGTCACCATCACTTGCCGGGCAAGTCAGAGCATT..................AGCAGCTATTTAAATTGGTATCAGCAGAAACCAGGGAAAGCCCCTAAGCTCCTGATCTATGCTGCA.....................TCCAGTTTGCAAAGTGGGGTCCCA...TCAAGGTTCAGTGGCAGTGGA......TCTGGGACAGATTTCACTCTCACCATCAGCAGTCTGCAACCTGAAGATTTTGCAACTTACTACTGTCAACAGAGTTACAGTACCCTGTACACTTTTGGCCAGGGGACCAAGCTGGAGATCAAAC	TGTCAACAGAGTTACAGTACCCTGTACACTTTT		CAGAGCATT..................ACTAGCTCT	GCTGCA.....................TCC	CAACAGAGTTACAGTACCCTGTACACT		GACATCCAGATGACCCAGTCTCCTTCCTCCCTGTCTGCATCTGTAGGAGACAGCGTCACCATCACTTGCCGGGCAAGT	TTAAATTGGTATCAGCAGAAACCAGGGAACGCCCCTAAGCTCCTGATCTAT	AGTTTGCAAAGTGGGGTCTCA...TCAAGGTTCAGCGGCAGTGGA......TCTGGGACAGTTTTCATTCTCACCATCACCAGTCTACAACTTGAAGATTTTGCAACTTACTACTGT	TTTGGCCAGGGGACCAAGCTGGAGGTCAAAC	102S23=1X29=1X34=2X4=1X30=1X48=1X13=1X19=1X5=1X11=1X6=1X4=1X44=		385S32=1X6=	103	385	1	331					386	424	1	39	33	0		39172		TACGGTATCAGAGGTG-1	33	subject1	FALSE	GACATCCAGATGACCCAGTCTCCTTCCTCCCTGTCTGCATCTGTAGGAGACAGCGTCACCATCACTTGCCGGGCAAGTCAGAGCATTACTAGCTCTTTAAATTGGTATCAGCAGAAACCAGGGAACGCCCCTAAGCTCCTGATCTATGCTGCATCCAGTTTGCAAAGTGGGGTCTCATCAAGGTTCAGCGGCAGTGGATCTGGGACAGTTTTCATTCTCACCATCACCAGTCTACAACTTGAAGATTTTGCAACTTACTACTGTCAACAGAGTTACAGTACCCTGTACACTTTTGGCCAGGGGACCAAGCTGGAGGTCAAAC	283	1	283	283	331			39	39	0				GACATCCAGATGACCCAGTCTCCATCCTCCCTGTCTGCATCTGTAGGAGACAGAGTCACCATCACTTGCCGGGCAAGTCAGAGCATT..................AGCAGCTATTTAAATTGGTATCAGCAGAAACCAGGGAAAGCCCCTAAGCTCCTGATCTATGCTGCA.....................TCCAGTTTGCAAAGTGGGGTCCCA...TCAAGGTTCAGTGGCAGTGGA......TCTGGGACAGATTTCACTCTCACCATCAGCAGTCTGCAACCTGAAGATTTTGCAACTTACTACTGTCAACAGAGTTACAGTACCCTGTACACTTTTGGCCAGGGGACCAAGCTGGAGATCAAAC				subject1_FNA_d0_1_Y1_TACGGTATCAGAGGTG-1	IGKC	subject1_FNA_d0_1_Y1	TRUE
GCGCGATCAGGGTACA-1_contig_2	AGCTGGGAAGCCTGAGAACACTTAGCCTTCATGAGTGTCCCCACCATGGCCTGGATGATGCTTCTCCTCGGACTCCTTGCTTATGGATCAGGAGTGGATTCTCAGACTGTGGTGACCCAGGAGCCATCGTTCTCAGTGTCCCCTGGAGGGACAGTCACACTCACTTGTGGCTTGAGCTCTGGCTCAGTCTCTACTAGTTACTACCCCAGCTGGTACCAGCAGACCCCAGGCCAGACTCCACGCACGCTCATCTACAACACAAACACTCGCTCTTCTGGGGTCCCTGATCGCTTCTCTGGCTCCATCCTTGGGAACAAAGCTGCCCTCACCATCACGGGGGCCCAGGCAGATGATGAATCTGATTATTACTGTGTGCTATACATGGGTAGTGGCATTGTGGTATTCGGCGGAGGGACCAAAGTGACCGTCCTAGGTCAGCCCAAGGCTGCCCCCTCGGTCACTCTGTTCCCGCCCTCCTCTGAGGAGCTTCAAGCCAACAAGGCCACACTGGTGTGTCTCATAAGTGACTTCTACCCGGGAGCCGTGACAGTGGCCTGGAAGGCAGATAGCAGCCCCGTCAAGGCGGGAGTGGAGACCACCACACCCTCCAAACAAAGCAACAACAAGTACGCGGCCAGCAGCTA	F	T	T	F	IGL	IGLV8-61*01		IGLJ2*01,IGLJ3*01	CAGACTGTGGTGACCCAGGAGCCATCG...TTCTCAGTGTCCCCTGGAGGGACAGTCACACTCACTTGTGGCTTGAGCTCTGGCTCAGTCTCT.........ACTAGTTACTACCCCAGCTGGTACCAGCAGACCCCAGGCCAGACTCCACGCACGCTCATCTACAACACA.....................AACACTCGCTCTTCTGGGGTCCCT...GATCGCTTCTCTGGCTCCATC......CTTGGGAACAAAGCTGCCCTCACCATCACGGGGGCCCAGGCAGATGATGAATCTGATTATTACTGTGTGCTATACATGGGTAGTGGCATTGTGGTATTCGGCGGAGGGACCAAAGTGACCGTCCTAGNNNNNN	CAGTCTGTGCTGACTCAGCCACCCTCA...GCGTCTGGGACCCCCGGGCAGAGGGTCACCATCTCTTGTTCTGGAAGCAGCTCCAACATC............GGAAGTAATACTGTAAACTGGTACCAGCAGCTCCCAGGAACGGCCCCCAAACTCCTCATCTATAGTAAT.....................AATCAGCGGCCCTCAGGGGTCCCT...GACCGATTCTCTGGCTCCAAG......TCTGGCACCTCAGCCTCCCTGGCCATCAGTGGGCTCCAGTCTGAGGATGAGGCTGATTATTACTGTGCAGCATGGGATGACAGCCTGAATGGTCNTGTGGTATTCGGCGGAGGGACCAAGCTGACCGTCCTAG	TGTGTGCTATACATGGGTAGTGGCATTGTGGTATTC		TCTGGCTCAGTCTCT.........ACTAGTTACTAC	AACACA.....................AAC	GTGCTATACATGGGTAGTGGCATTGTGGTA		CAGACTGTGGTGACCCAGGAGCCATCG...TTCTCAGTGTCCCCTGGAGGGACAGTCACACTCACTTGTGGCTTGAGC	CCCAGCTGGTACCAGCAGACCCCAGGCCAGACTCCACGCACGCTCATCTAC	ACTCGCTCTTCTGGGGTCCCT...GATCGCTTCTCTGGCTCCATC......CTTGGGAACAAAGCTGCCCTCACCATCACGGGGGCCCAGGCAGATGATGAATCTGATTATTACTGT	TTCGGCGGAGGGACCAAAGTGACCGTCCTAG	102S132=1X21=1X120=1X2=1X15=		396S1N23=2X12=	103	396	1	336					397	433	2	38	36	0		22964		GCGCGATCAGGGTACA-1	33	subject1	FALSE	CAGACTGTGGTGACCCAGGAGCCATCGTTCTCAGTGTCCCCTGGAGGGACAGTCACACTCACTTGTGGCTTGAGCTCTGGCTCAGTCTCTACTAGTTACTACCCCAGCTGGTACCAGCAGACCCCAGGCCAGACTCCACGCACGCTCATCTACAACACAAACACTCGCTCTTCTGGGGTCCCTGATCGCTTCTCTGGCTCCATCCTTGGGAACAAAGCTGCCCTCACCATCACGGGGGCCCAGGCAGATGATGAATCTGATTATTACTGTGTGCTATACATGGGTAGTGGCATTGTGGTATTCGGCGGAGGGACCAAAGTGACCGTCCTAG	294	1	294	294	336			37	37	0				CAGTCTGTGCTGACTCAGCCACCCTCA...GCGTCTGGGACCCCCGGGCAGAGGGTCACCATCTCTTGTTCTGGAAGCAGCTCCAACATC............GGAAGTAATACTGTAAACTGGTACCAGCAGCTCCCAGGAACGGCCCCCAAACTCCTCATCTATAGTAAT.....................AATCAGCGGCCCTCAGGGGTCCCT...GACCGATTCTCTGGCTCCAAG......TCTGGCACCTCAGCCTCCCTGGCCATCAGTGGGCTCCAGTCTGAGGATGAGGCTGATTATTACTGTGCAGCATGGGATGACAGCCTGAATGGTCNTGTGGTATTCGGCGGAGGGACCAAGCTGACCGTCCTAG				subject1_FNA_d0_2_Y1_GCGCGATCAGGGTACA-1	IGLC2	subject1_FNA_d0_2_Y1	TRUE
GTAGTCACATGGAATA-1_contig_2	AGCTTCAGCTGTGGGTAGAGAAGACAGGACTCAGGACAATCTCCAGCATGGCCAGCTTCCCTCTCCTCCTCACCCTCCTCACTCACTGTGCAGGGTCCTGGGCCCAGTCTGTGCTGACTCAGCCACCCTCAGCGTCTGGGACCCCCGGGCAGAGGGTCACCATCTCTTGTTCTGGAAGCAGCTCCAACATCGGAAGTAATACTGTAAACTGGTACCAGCAGCTCCCAGGAACGGCCCCCAAACTCCTCATCTATAGTAATAATCAGCGGCCCTCAGGGGTCCCTGACCGATTCTCTGGCTCCAGGTCTGGCACCTCAGCCTCCCTGGCCATCAGTGGGCTCCAGTCTGAGGATGAGGCTGATTATTACTGTGCAGCATGGGATGACAGCCTGAATGGTCATGTGGTGTTCGGCGGAGGGACCAAGCTGACCGTCCTACGTCAGCCCAAGGCTGCCCCCTCGGTCACTCTGTTCCCGCCCTCCTCTGAGGAGCTTCAAGCCAACAAGGCCACACTGGTGTGTCTCATAAGTGACTTCTACCCGGGAGCCGTGACAGTGGCCTGGAAGGCAGATAGCAGCCCCGTCAAGGCGGGAGTGGAGACCACCACACCCTCCAAACAAAGCAACAACAAGTACGCGGCCAGCAGCTA	F	T	T	F	IGL	IGLV1-44*01		IGLJ2*01,IGLJ3*01	CAGTCTGTGCTGACTCAGCCACCCTCA...GCGTCTGGGACCCCCGGGCAGAGGGTCACCATCTCTTGTTCTGGAAGCAGCTCCAACATC............GGAAGTAATACTGTAAACTGGTACCAGCAGCTCCCAGGAACGGCCCCCAAACTCCTCATCTATAGTAAT.....................AATCAGCGGCCCTCAGGGGTCCCT...GACCGATTCTCTGGCTCCAGG......TCTGGCACCTCAGCCTCCCTGGCCATCAGTGGGCTCCAGTCTGAGGATGAGGCTGATTATTACTGTGCAGCATGGGATGACAGCCTGAATGGTCATGTGGTGTTCGGCGGAGGGACCAAGCTGACCGTCCTAN	CAGTCTGTGCTGACTCAGCCACCCTCA...GCGTCTGGGACCCCCGGGCAGAGGGTCACCATCTCTTGTTCTGGAAGCAGCTCCAACATC............GGAAGTAATACTGTAAACTGGTACCAGCAGCTCCCAGGAACGGCCCCCAAACTCCTCATCTATAGTAAT.....................AATCAGCGGCCCTCAGGGGTCCCT...GACCGATTCTCTGGCTCCAAG......TCTGGCACCTCAGCCTCCCTGGCCATCAGTGGGCTCCAGTCTGAGGATGAGGCTGATTATTACTGTGCAGCATGGGATGACAGCCTGAATGGTCNTGTGGTATTCGGCGGAGGGACCAAGCTGACCGTCCTAG	TGTGCAGCATGGGATGACAGCCTGAATGGTCATGTGGTGTTC		AGCTCCAACATC............GGAAGTAATACT	AGTAAT.....................AAT	GCAGCATGGGATGACAGCCTGAATGGTCATGTGGTG		CAGTCTGTGCTGACTCAGCCACCCTCA...GCGTCTGGGACCCCCGGGCAGAGGGTCACCATCTCTTGTTCTGGAAGC	GTAAACTGGTACCAGCAGCTCCCAGGAACGGCCCCCAAACTCCTCATCTAT	CAGCGGCCCTCAGGGGTCCCT...GACCGATTCTCTGGCTCCAGG......TCTGGCACCTCAGCCTCCCTGGCCATCAGTGGGCTCCAGTCTGAGGATGAGGCTGATTATTACTGT	TTCGGCGGAGGGACCAAGCTGACCGTCCTA	104S199=1X95=		400S6=1X30=	105	399	1	340					401	437	1	37	42	1		24072		GTAGTCACATGGAATA-1	33	subject1	FALSE	CAGTCTGTGCTGACTCAGCCACCCTCAGCGTCTGGGACCCCCGGGCAGAGGGTCACCATCTCTTGTTCTGGAAGCAGCTCCAACATCGGAAGTAATACTGTAAACTGGTACCAGCAGCTCCCAGGAACGGCCCCCAAACTCCTCATCTATAGTAATAATCAGCGGCCCTCAGGGGTCCCTGACCGATTCTCTGGCTCCAGGTCTGGCACCTCAGCCTCCCTGGCCATCAGTGGGCTCCAGTCTGAGGATGAGGCTGATTATTACTGTGCAGCATGGGATGACAGCCTGAATGGTCATGTGGTGTTCGGCGGAGGGACCAAGCTGACCGTCCTA	295	1	295	295	340			37	37	0				CAGTCTGTGCTGACTCAGCCACCCTCA...GCGTCTGGGACCCCCGGGCAGAGGGTCACCATCTCTTGTTCTGGAAGCAGCTCCAACATC............GGAAGTAATACTGTAAACTGGTACCAGCAGCTCCCAGGAACGGCCCCCAAACTCCTCATCTATAGTAAT.....................AATCAGCGGCCCTCAGGGGTCCCT...GACCGATTCTCTGGCTCCAAG......TCTGGCACCTCAGCCTCCCTGGCCATCAGTGGGCTCCAGTCTGAGGATGAGGCTGATTATTACTGTGCAGCATGGGATGACAGCCTGAATGGTCNTGTGGTATTCGGCGGAGGGACCAAGCTGACCGTCCTAG				subject1_FNA_d0_2_Y1_GTAGTCACATGGAATA-1	IGLC2	subject1_FNA_d0_2_Y1	TRUE
TTCTTAGAGTGATCGG-1_contig_2	TGGGGAGGAGTCAGTCTCAGTCAGGACACAGCATGGACATGAGGGTCCCCGCTCAGCTCCTGGGGCTCCTGCTACTCTGGCTCCGAGGTGCCCGATGTGACATCCAGATGACCCAGTCTCCATCCTCCCTATCTGCATCTGTTGGAGACAGAGTCACCATCAGTTGCCGGGCAAGTCAGAGCATCAGTAATTATTTAAATTGGTATCAACAAAAGCCAGGGAAAGCCCCTAACCTCTTGATCCATACTACATCCAGTTTGCAAGGTGGGGTCCCATCAAGGTTCAGTGGCAGTGGATCTGGGACAGATTTCACTCTCACCATCAACAGTCTGCAACCTGAAGATTTTGCAATTTATTACTGTCAACAGAGTTACAGTACCCCGATCACCTTCGGCCAAGGGACACGACTGGAATTTAGACGAACTGTGGCTGCACCATCTGTCTTCATCTTCCCGCCATCTGATGAGCAGTTGAAATCTGGAACTGCCTCTGTTGTGTGCCTGCTGAATAACTTCTATCCCAGAGAGGCCAAAGTACAGTGGAAGGTGGATAACGC	F	T	T	F	IGK	IGKV1-39*01,IGKV1D-39*01		IGKJ5*01	GACATCCAGATGACCCAGTCTCCATCCTCCCTATCTGCATCTGTTGGAGACAGAGTCACCATCAGTTGCCGGGCAAGTCAGAGCATC..................AGTAATTATTTAAATTGGTATCAACAAAAGCCAGGGAAAGCCCCTAACCTCTTGATCCATACTACA.....................TCCAGTTTGCAAGGTGGGGTCCCA...TCAAGGTTCAGTGGCAGTGGA......TCTGGGACAGATTTCACTCTCACCATCAACAGTCTGCAACCTGAAGATTTTGCAATTTATTACTGTCAACAGAGTTACAGTACCCCGATCACCTTCGGCCAAGGGACACGACTGGANNNNNNNN	GACATCCAGATGACCCAGTCTCCATCCTCCCTGTCTGCATCTGTAGGAGACAGAGTCACCATCACTTGCCGGGCAAGTCAGAGCATT..................AGCAGCTATTTAAATTGGTATCAGCAGAAACCAGGGAAAGCCCCTAAGCTCCTGATCTATGCTGCA.....................TCCAGTTTGCAAAGTGGGGTCCCA...TCAAGGTTCAGTGGCAGTGGA......TCTGGGACAGATTTCACTCTCACCATCAGCAGTCTGCAACCTGAAGATTTTGCAACTTACTACTGTCAACAGAGTTACAGTACCCTGTACACTTTTGGCCAGGGGACCAAGCTGGAGATCAAAC	TGTCAACAGAGTTACAGTACCCCGATCACCTTC		CAGAGCATC..................AGTAATTAT	ACTACA.....................TCC	CAACAGAGTTACAGTACCCCGATCACC		GACATCCAGATGACCCAGTCTCCATCCTCCCTATCTGCATCTGTTGGAGACAGAGTCACCATCAGTTGCCGGGCAAGT	TTAAATTGGTATCAACAAAAGCCAGGGAAAGCCCCTAACCTCTTGATCCAT	AGTTTGCAAGGTGGGGTCCCA...TCAAGGTTCAGTGGCAGTGGA......TCTGGGACAGATTTCACTCTCACCATCAACAGTCTGCAACCTGAAGATTTTGCAATTTATTACTGT	TTCGGCCAAGGGACACGACTGGA	98S32=1X11=1X19=1X21=1X2=1X1=2X17=1X2=1X2=1X17=1X3=1X5=1X2=1X2=1X14=1X60=1X26=1X3=1X26=		382S30=	99	382	1	332					383	412	1	30	33	0		7392		TTCTTAGAGTGATCGG-1	33	subject1	FALSE	GACATCCAGATGACCCAGTCTCCATCCTCCCTATCTGCATCTGTTGGAGACAGAGTCACCATCAGTTGCCGGGCAAGTCAGAGCATCAGTAATTATTTAAATTGGTATCAACAAAAGCCAGGGAAAGCCCCTAACCTCTTGATCCATACTACATCCAGTTTGCAAGGTGGGGTCCCATCAAGGTTCAGTGGCAGTGGATCTGGGACAGATTTCACTCTCACCATCAACAGTCTGCAACCTGAAGATTTTGCAATTTATTACTGTCAACAGAGTTACAGTACCCCGATCACCTTCGGCCAAGGGACACGACTGGA	284	1	284	284	332			30	30	5				GACATCCAGATGACCCAGTCTCCATCCTCCCTGTCTGCATCTGTAGGAGACAGAGTCACCATCACTTGCCGGGCAAGTCAGAGCATT..................AGCAGCTATTTAAATTGGTATCAGCAGAAACCAGGGAAAGCCCCTAAGCTCCTGATCTATGCTGCA.....................TCCAGTTTGCAAAGTGGGGTCCCA...TCAAGGTTCAGTGGCAGTGGA......TCTGGGACAGATTTCACTCTCACCATCAGCAGTCTGCAACCTGAAGATTTTGCAACTTACTACTGTCAACAGAGTTACAGTACCCTGTACACTTTTGGCCAGGGGACCAAGCTGGAGATCAAAC				subject1_FNA_d5_1_Y1_TTCTTAGAGTGATCGG-1	IGKC	subject1_FNA_d5_1_Y1	TRUE
TACGGTAAGAAGGTGA-1_contig_2	GAGCTACAACAGGCAGGCAGGGGCAGCAAGATGGTGTTGCAGACCCAGGTCTTCATTTCTCTGTTGCTCTGGATCTCTGGTGCCTACGGGGACATCGTGATGACCCAGTCTCCAGACTCCCTGGCTGTGTCTCTGGGCGAGAGGGCCACCATCAACTGCAAGTCCAGCCAGAGTGTTTTATACAGCTCCAACAATAAGAACTACTTAGCTTGGTACCAGCAGAAACCAGGACAGCCTCCTAAGCTGCTCATTTACTGGGCATCTACCCGGGAATCCGGGGTCCCTGACCGATTCAGTGGCAGCGGGTCTGGGACAGATTTCACTCTCACCATCAGCAGCCTGCAGGCTGAAGATGTGGCAGTTTATTACTGTCAGCAATATTATAGTACTCCGTACAGTTTTGGCCAGGGGACCAAGCTGGAGATCAAACGAACTGTGGCTGCACCATCTGTCTTCATCTTCCCGCCATCTGATGAGCAGTTGAAATCTGGAACTGCCTCTGTTGTGTGCCTGCTGAATAACTTCTATCCCAGAGAGGCCAAAGTACAGTGGAAGGTGGATAACGC	F	T	T	F	IGK	IGKV4-1*01		IGKJ2*03	GACATCGTGATGACCCAGTCTCCAGACTCCCTGGCTGTGTCTCTGGGCGAGAGGGCCACCATCAACTGCAAGTCCAGCCAGAGTGTTTTATACAGCTCCAACAATAAGAACTACTTAGCTTGGTACCAGCAGAAACCAGGACAGCCTCCTAAGCTGCTCATTTACTGGGCA.....................TCTACCCGGGAATCCGGGGTCCCT...GACCGATTCAGTGGCAGCGGG......TCTGGGACAGATTTCACTCTCACCATCAGCAGCCTGCAGGCTGAAGATGTGGCAGTTTATTACTGTCAGCAATATTATAGTACTCCGTACAGTTTTGGCCAGGGGACCAAGCTGGAGATCAAAC	GACATCCAGATGACCCAGTCTCCATCCTCCCTGTCTGCATCTGTAGGAGACAGAGTCACCATCACTTGCCGGGCAAGTCAGAGCATT..................AGCAGCTATTTAAATTGGTATCAGCAGAAACCAGGGAAAGCCCCTAAGCTCCTGATCTATGCTGCA.....................TCCAGTTTGCAAAGTGGGGTCCCA...TCAAGGTTCAGTGGCAGTGGA......TCTGGGACAGATTTCACTCTCACCATCAGCAGTCTGCAACCTGAAGATTTTGCAACTTACTACTGTCAACAGAGTTACAGTACCCTGTACACTTTTGGCCAGGGGACCAAGCTGGAGATCAAAC	TGTCAGCAATATTATAGTACTCCGTACAGTTTT		CAGAGTGTTTTATACAGCTCCAACAATAAGAACTAC	TGGGCA.....................TCT	CAGCAATATTATAGTACTCCGTACAGT		GACATCGTGATGACCCAGTCTCCAGACTCCCTGGCTGTGTCTCTGGGCGAGAGGGCCACCATCAACTGCAAGTCCAGC	TTAGCTTGGTACCAGCAGAAACCAGGACAGCCTCCTAAGCTGCTCATTTAC	ACCCGGGAATCCGGGGTCCCT...GACCGATTCAGTGGCAGCGGG......TCTGGGACAGATTTCACTCTCACCATCAGCAGCCTGCAGGCTGAAGATGTGGCAGTTTATTACTGT	TTTGGCCAGGGGACCAAGCTGGAGATCAAAC	90S302=		392S1N38=	91	392	1	332					393	430	2	39	33	0		8610		TACGGTAAGAAGGTGA-1	33	subject1	FALSE	GACATCGTGATGACCCAGTCTCCAGACTCCCTGGCTGTGTCTCTGGGCGAGAGGGCCACCATCAACTGCAAGTCCAGCCAGAGTGTTTTATACAGCTCCAACAATAAGAACTACTTAGCTTGGTACCAGCAGAAACCAGGACAGCCTCCTAAGCTGCTCATTTACTGGGCATCTACCCGGGAATCCGGGGTCCCTGACCGATTCAGTGGCAGCGGGTCTGGGACAGATTTCACTCTCACCATCAGCAGCCTGCAGGCTGAAGATGTGGCAGTTTATTACTGTCAGCAATATTATAGTACTCCGTACAGTTTTGGCCAGGGGACCAAGCTGGAGATCAAAC	302	1	302	302	332			38	38	12				GACATCCAGATGACCCAGTCTCCATCCTCCCTGTCTGCATCTGTAGGAGACAGAGTCACCATCACTTGCCGGGCAAGTCAGAGCATT..................AGCAGCTATTTAAATTGGTATCAGCAGAAACCAGGGAAAGCCCCTAAGCTCCTGATCTATGCTGCA.....................TCCAGTTTGCAAAGTGGGGTCCCA...TCAAGGTTCAGTGGCAGTGGA......TCTGGGACAGATTTCACTCTCACCATCAGCAGTCTGCAACCTGAAGATTTTGCAACTTACTACTGTCAACAGAGTTACAGTACCCTGTACACTTTTGGCCAGGGGACCAAGCTGGAGATCAAAC				subject1_FNA_d12_1_Y1_TACGGTAAGAAGGTGA-1	IGKC	subject1_FNA_d12_1_Y1	TRUE
AGGTCCGCATGAACCT-1_contig_2	TGGGGAGGAGTCAGTCTCAGTCAGGACACAGCATGGACATGAGGGTCCCCGCTCAGCTCCTGGGGCTCCTGCTACTCTGGCTCCGAGGTGCCAGATGTGACATCCAGATGACCCAGTCTCCTTCCTCCCTGTCTGCATCTGTAGGAGACAGCGTCACCATCACTTGCCGGGCAAGTCAGAGCATTACTAGCTCTTTAAATTGGTATCAGCAGAAACCAGGGAACGCCCCTAAGCTCCTGATCTATGCTGCATCCAGTTTGCAAAGTGGGGTCTCATCAAGGTTCAGCGGCAGTGGATCTGGGACAGTTTTCATTCTCACCATCACCAGTCTACAACTTGAAGATTTTGCAACTTACTACTGTCAACAGAGTTACAGTACCCTGTACACTTTTGGCCAGGGGACCAAGCTGGAGGTCAAACGAACTGTGGCTGCACCATCTGTCTTCATCTTCCCGCCATCTGATGAGCAGTTGAAATCTGGAACTGCCTCTGTTGTGTGCCTGCTGAATAACTTCTATCCCAGAGAGGCCAAAGTACAGTGGAAGGTGGATAACGC	F	T	T	F	IGK	IGKV1-39*01,IGKV1D-39*01		IGKJ2*01	GACATCCAGATGACCCAGTCTCCTTCCTCCCTGTCTGCATCTGTAGGAGACAGCGTCACCATCACTTGCCGGGCAAGTCAGAGCATT..................ACTAGCTCTTTAAATTGGTATCAGCAGAAACCAGGGAACGCCCCTAAGCTCCTGATCTATGCTGCA.....................TCCAGTTTGCAAAGTGGGGTCTCA...TCAAGGTTCAGCGGCAGTGGA......TCTGGGACAGTTTTCATTCTCACCATCACCAGTCTACAACTTGAAGATTTTGCAACTTACTACTGTCAACAGAGTTACAGTACCCTGTACACTTTTGGCCAGGGGACCAAGCTGGAGGTCAAAC	GACATCCAGATGACCCAGTCTCCATCCTCCCTGTCTGCATCTGTAGGAGACAGAGTCACCATCACTTGCCGGGCAAGTCAGAGCATT..................AGCAGCTATTTAAATTGGTATCAGCAGAAACCAGGGAAAGCCCCTAAGCTCCTGATCTATGCTGCA.....................TCCAGTTTGCAAAGTGGGGTCCCA...TCAAGGTTCAGTGGCAGTGGA......TCTGGGACAGATTTCACTCTCACCATCAGCAGTCTGCAACCTGAAGATTTTGCAACTTACTACTGTCAACAGAGTTACAGTACCCTGTACACTTTTGGCCAGGGGACCAAGCTGGAGATCAAAC	TGTCAACAGAGTTACAGTACCCTGTACACTTTT		CAGAGCATT..................ACTAGCTCT	GCTGCA.....................TCC	CAACAGAGTTACAGTACCCTGTACACT		GACATCCAGATGACCCAGTCTCCTTCCTCCCTGTCTGCATCTGTAGGAGACAGCGTCACCATCACTTGCCGGGCAAGT	TTAAATTGGTATCAGCAGAAACCAGGGAACGCCCCTAAGCTCCTGATCTAT	AGTTTGCAAAGTGGGGTCTCA...TCAAGGTTCAGCGGCAGTGGA......TCTGGGACAGTTTTCATTCTCACCATCACCAGTCTACAACTTGAAGATTTTGCAACTTACTACTGT	TTTGGCCAGGGGACCAAGCTGGAGGTCAAAC	98S23=1X29=1X34=2X4=1X30=1X48=1X13=1X19=1X5=1X11=1X6=1X4=1X44=		381S32=1X6=	99	381	1	331					382	420	1	39	33	0		16970		AGGTCCGCATGAACCT-1	33	subject1	FALSE	GACATCCAGATGACCCAGTCTCCTTCCTCCCTGTCTGCATCTGTAGGAGACAGCGTCACCATCACTTGCCGGGCAAGTCAGAGCATTACTAGCTCTTTAAATTGGTATCAGCAGAAACCAGGGAACGCCCCTAAGCTCCTGATCTATGCTGCATCCAGTTTGCAAAGTGGGGTCTCATCAAGGTTCAGCGGCAGTGGATCTGGGACAGTTTTCATTCTCACCATCACCAGTCTACAACTTGAAGATTTTGCAACTTACTACTGTCAACAGAGTTACAGTACCCTGTACACTTTTGGCCAGGGGACCAAGCTGGAGGTCAAAC	283	1	283	283	331			39	39	28				GACATCCAGATGACCCAGTCTCCATCCTCCCTGTCTGCATCTGTAGGAGACAGAGTCACCATCACTTGCCGGGCAAGTCAGAGCATT..................AGCAGCTATTTAAATTGGTATCAGCAGAAACCAGGGAAAGCCCCTAAGCTCCTGATCTATGCTGCA.....................TCCAGTTTGCAAAGTGGGGTCCCA...TCAAGGTTCAGTGGCAGTGGA......TCTGGGACAGATTTCACTCTCACCATCAGCAGTCTGCAACCTGAAGATTTTGCAACTTACTACTGTCAACAGAGTTACAGTACCCTGTACACTTTTGGCCAGGGGACCAAGCTGGAGATCAAAC				subject1_FNA_d28_2_Y1_AGGTCCGCATGAACCT-1	IGKC	subject1_FNA_d28_2_Y1	TRUE
TACTCATAGGAACTGC-1_contig_2	AGCTGGGAAGCCTGAGAACACTTAGCCTTCATGAGTGTCCCCACCATGGCCTGGATGATGCTTCTCCTCGGACTCCTTGCTTATGGATCAGGAGTGGATTCTCAGACTGTGGTGACCCAGGAGCCATCGTTCTCAGTGTCCCCTGGAGGGACAGTCACACTCACTTGTGGCTTGAGCTCTGGCTCAGTCTCTACTAGTTACTACCCCAGCTGGTACCAGCAGACCCCAGGCCAGACTCCACGCACGCTCATCTACAACACAAACACTCGCTCTTCTGGGGTCCCTGATCGCTTCTCTGGCTCCATCCTTGGGAACAAAGCTGCCCTCACCATCACGGGGGCCCAGGCAGATGATGAATCTGATTATTACTGTGTGCTATACATGGGTAGTGGCATTGTGGTATTCGGCGGAGGGACCAAAGTGACCGTCCTAGGTCAGCCCAAGGCTGCCCCCTCGGTCACTCTGTTCCCGCCCTCCTCTGAGGAGCTTCAAGCCAACAAGGCCACACTGGTGTGTCTCATAAGTGACTTCTACCCGGGAGCCGTGACAGTGGCCTGGAAGGCAGATAGCAGCCCCGTCAAGGCGGGAGTGGAGACCACCACACCCTCCAAACAAAGCAACAACAAGTACGCGGCCAGCAGCTA	F	T	T	F	IGL	IGLV8-61*01		IGLJ2*01,IGLJ3*01	CAGACTGTGGTGACCCAGGAGCCATCG...TTCTCAGTGTCCCCTGGAGGGACAGTCACACTCACTTGTGGCTTGAGCTCTGGCTCAGTCTCT.........ACTAGTTACTACCCCAGCTGGTACCAGCAGACCCCAGGCCAGACTCCACGCACGCTCATCTACAACACA.....................AACACTCGCTCTTCTGGGGTCCCT...GATCGCTTCTCTGGCTCCATC......CTTGGGAACAAAGCTGCCCTCACCATCACGGGGGCCCAGGCAGATGATGAATCTGATTATTACTGTGTGCTATACATGGGTAGTGGCATTGTGGTATTCGGCGGAGGGACCAAAGTGACCGTCCTAGNNNNNN	CAGTCTGTGCTGACTCAGCCACCCTCA...GCGTCTGGGACCCCCGGGCAGAGGGTCACCATCTCTTGTTCTGGAAGCAGCTCCAACATC............GGAAGTAATACTGTAAACTGGTACCAGCAGCTCCCAGGAACGGCCCCCAAACTCCTCATCTATAGTAAT.....................AATCAGCGGCCCTCAGGGGTCCCT...GACCGATTCTCTGGCTCCAAG......TCTGGCACCTCAGCCTCCCTGGCCATCAGTGGGCTCCAGTCTGAGGATGAGGCTGATTATTACTGTGCAGCATGGGATGACAGCCTGAATGGTCNTGTGGTATTCGGCGGAGGGACCAAGCTGACCGTCCTAG	TGTGTGCTATACATGGGTAGTGGCATTGTGGTATTC		TCTGGCTCAGTCTCT.........ACTAGTTACTAC	AACACA.....................AAC	GTGCTATACATGGGTAGTGGCATTGTGGTA		CAGACTGTGGTGACCCAGGAGCCATCG...TTCTCAGTGTCCCCTGGAGGGACAGTCACACTCACTTGTGGCTTGAGC	CCCAGCTGGTACCAGCAGACCCCAGGCCAGACTCCACGCACGCTCATCTAC	ACTCGCTCTTCTGGGGTCCCT...GATCGCTTCTCTGGCTCCATC......CTTGGGAACAAAGCTGCCCTCACCATCACGGGGGCCCAGGCAGATGATGAATCTGATTATTACTGT	TTCGGCGGAGGGACCAAAGTGACCGTCCTAG	102S132=1X21=1X120=1X2=1X15=		396S1N23=2X12=	103	396	1	336					397	433	2	38	36	0		5094		TACTCATAGGAACTGC-1	33	subject1	FALSE	CAGACTGTGGTGACCCAGGAGCCATCGTTCTCAGTGTCCCCTGGAGGGACAGTCACACTCACTTGTGGCTTGAGCTCTGGCTCAGTCTCTACTAGTTACTACCCCAGCTGGTACCAGCAGACCCCAGGCCAGACTCCACGCACGCTCATCTACAACACAAACACTCGCTCTTCTGGGGTCCCTGATCGCTTCTCTGGCTCCATCCTTGGGAACAAAGCTGCCCTCACCATCACGGGGGCCCAGGCAGATGATGAATCTGATTATTACTGTGTGCTATACATGGGTAGTGGCATTGTGGTATTCGGCGGAGGGACCAAAGTGACCGTCCTAG	294	1	294	294	336			37	37	60				CAGTCTGTGCTGACTCAGCCACCCTCA...GCGTCTGGGACCCCCGGGCAGAGGGTCACCATCTCTTGTTCTGGAAGCAGCTCCAACATC............GGAAGTAATACTGTAAACTGGTACCAGCAGCTCCCAGGAACGGCCCCCAAACTCCTCATCTATAGTAAT.....................AATCAGCGGCCCTCAGGGGTCCCT...GACCGATTCTCTGGCTCCAAG......TCTGGCACCTCAGCCTCCCTGGCCATCAGTGGGCTCCAGTCTGAGGATGAGGCTGATTATTACTGTGCAGCATGGGATGACAGCCTGAATGGTCNTGTGGTATTCGGCGGAGGGACCAAGCTGACCGTCCTAG				subject1_FNA_d60_1_Y1_TACTCATAGGAACTGC-1	IGLC2	subject1_FNA_d60_1_Y1	TRUE
GATCTAGAGTCGTTTG-1_contig_2	AGCTTCAGCTGTGGGTAGAGAAGACAGGACTCAGGACAATCTCCAGCATGGCCAGCTTCCCTCTCCTCCTCACCCTCCTCACTCACTGTGCAGGGTCCTGGGCCCAATCTGTGCTGACTCAGCCACCCTCAGCGTCTGGGACCCCCGGGCAGAGGGTCACCATCTCTTGTTCTGGAAGCAGCTCCAACATCGGAAGTAATACTGTAAACTGGTACCAGCAGCTCCCAGGAACGGCCCCCAAACTCCTCATCTATAGTAATAATCAGCGGCCCTCAGGGGTCCCTGACCGATTCTCTGGCTCCAAGTCTGGCACCTCAGCCTCCCTGGCCATCAGTGGGCTCCAGTCTGAGGATGAGGCTGATTATTACTGTGCAACATGGGACGACAGCCTGAATGGTCATGTGGTATTCGGCGGAGGGACCAAGCTGACCGTCCTAGGTCAGCCCAAGGCTGCCCCCTCGGTCACTCTGTTCCCGCCCTCCTCTGAGGAGCTTCAAGCCAACAAGGCCACACTGGTGTGTCTCATAAGTGACTTCTACCCGGGAGCCGTGACAGTGGCCTGGAAGGCAGATAGCAGCCCCGTCAAGGCGGGAGTGGAGACCACCACACCCTCCAAACAAAGCAACAACAAGTACGCGGCCAGCAGCTA	F	T	T	F	IGL	IGLV1-44*01		IGLJ2*01,IGLJ3*01	CAATCTGTGCTGACTCAGCCACCCTCA...GCGTCTGGGACCCCCGGGCAGAGGGTCACCATCTCTTGTTCTGGAAGCAGCTCCAACATC............GGAAGTAATACTGTAAACTGGTACCAGCAGCTCCCAGGAACGGCCCCCAAACTCCTCATCTATAGTAAT.....................AATCAGCGGCCCTCAGGGGTCCCT...GACCGATTCTCTGGCTCCAAG......TCTGGCACCTCAGCCTCCCTGGCCATCAGTGGGCTCCAGTCTGAGGATGAGGCTGATTATTACTGTGCAACATGGGACGACAGCCTGAATGGTCATGTGGTATTCGGCGGAGGGACCAAGCTGACCGTCCTAG	CAGTCTGTGCTGACTCAGCCACCCTCA...GCGTCTGGGACCCCCGGGCAGAGGGTCACCATCTCTTGTTCTGGAAGCAGCTCCAACATC............GGAAGTAATACTGTAAACTGGTACCAGCAGCTCCCAGGAACGGCCCCCAAACTCCTCATCTATAGTAAT.....................AATCAGCGGCCCTCAGGGGTCCCT...GACCGATTCTCTGGCTCCAAG......TCTGGCACCTCAGCCTCCCTGGCCATCAGTGGGCTCCAGTCTGAGGATGAGGCTGATTATTACTGTGCAGCATGGGATGACAGCCTGAATGGTCNTGTGGTATTCGGCGGAGGGACCAAGCTGACCGTCCTAG	TGTGCAACATGGGACGACAGCCTGAATGGTCATGTGGTATTC		AGCTCCAACATC............GGAAGTAATACT	AGTAAT.....................AAT	GCAACATGGGACGACAGCCTGAATGGTCATGTGGTA		CAATCTGTGCTGACTCAGCCACCCTCA...GCGTCTGGGACCCCCGGGCAGAGGGTCACCATCTCTTGTTCTGGAAGC	GTAAACTGGTACCAGCAGCTCCCAGGAACGGCCCCCAAACTCCTCATCTAT	CAGCGGCCCTCAGGGGTCCCT...GACCGATTCTCTGGCTCCAAG......TCTGGCACCTCAGCCTCCCTGGCCATCAGTGGGCTCCAGTCTGAGGATGAGGCTGATTATTACTGT	TTCGGCGGAGGGACCAAGCTGACCGTCCTAG	104S2=1X267=1X7=1X16=		400S38=	105	399	1	340					401	438	1	38	42	1		384		GATCTAGAGTCGTTTG-1	33	subject1	FALSE	CAATCTGTGCTGACTCAGCCACCCTCAGCGTCTGGGACCCCCGGGCAGAGGGTCACCATCTCTTGTTCTGGAAGCAGCTCCAACATCGGAAGTAATACTGTAAACTGGTACCAGCAGCTCCCAGGAACGGCCCCCAAACTCCTCATCTATAGTAATAATCAGCGGCCCTCAGGGGTCCCTGACCGATTCTCTGGCTCCAAGTCTGGCACCTCAGCCTCCCTGGCCATCAGTGGGCTCCAGTCTGAGGATGAGGCTGATTATTACTGTGCAACATGGGACGACAGCCTGAATGGTCATGTGGTATTCGGCGGAGGGACCAAGCTGACCGTCCTAG	295	1	295	295	340			38	38	60				CAGTCTGTGCTGACTCAGCCACCCTCA...GCGTCTGGGACCCCCGGGCAGAGGGTCACCATCTCTTGTTCTGGAAGCAGCTCCAACATC............GGAAGTAATACTGTAAACTGGTACCAGCAGCTCCCAGGAACGGCCCCCAAACTCCTCATCTATAGTAAT.....................AATCAGCGGCCCTCAGGGGTCCCT...GACCGATTCTCTGGCTCCAAG......TCTGGCACCTCAGCCTCCCTGGCCATCAGTGGGCTCCAGTCTGAGGATGAGGCTGATTATTACTGTGCAGCATGGGATGACAGCCTGAATGGTCNTGTGGTATTCGGCGGAGGGACCAAGCTGACCGTCCTAG				subject1_FNA_d60_1_Y1_GATCTAGAGTCGTTTG-1	IGLC2	subject1_FNA_d60_1_Y1	TRUE
GTATTCTCAGGGTACA-1_contig_2	TGGGGAGGAGTCAGTCTCAGTCAGGACACAGCATGGACATGAGGGTCCCCGCTCAGCTCCTGGGGCTCCTGCTACTCTGGCTCCGAGGTGCCAGATGTGACATCCAGATGACCCAGTCTCCTTCCTCCCTGTCTGCATCTCCAGGAGACAGCGTCACCATCACTTGCCGGGCAAGTCAGAGCATTACTAACTCTTTAAATTGGTATCAGCAGAAACCAGGGAAAGCCCCTAAGCTCCTGATCTATGCTGCATCCAGTTTGCAAAGTGGGGTCCCATCAAGGTTCAGCGGCAGTGGATCTGGGACAGTTTTCATTCTCACCATCACCAGTCTACAACTTGAAGATTTTGCAACTTACTACTGTCAACAGAGTTACAGTACCCTGTACACTTTTGGCCAGGGGACCAAGCTGGAGGTCAAACGAACTGTGGCTGCACCATCTGTCTTCATCTTCCCGCCATCTGATGAGCAGTTGAAATCTGGAACTGCCTCTGTTGTGTGCCTGCTGAATAACTTCTATCCCAGAGAGGCCAAAGTACAGTGGAAGGTGGATAACGC	F	T	T	F	IGK	IGKV1-39*01,IGKV1D-39*01		IGKJ2*01	GACATCCAGATGACCCAGTCTCCTTCCTCCCTGTCTGCATCTCCAGGAGACAGCGTCACCATCACTTGCCGGGCAAGTCAGAGCATT..................ACTAACTCTTTAAATTGGTATCAGCAGAAACCAGGGAAAGCCCCTAAGCTCCTGATCTATGCTGCA.....................TCCAGTTTGCAAAGTGGGGTCCCA...TCAAGGTTCAGCGGCAGTGGA......TCTGGGACAGTTTTCATTCTCACCATCACCAGTCTACAACTTGAAGATTTTGCAACTTACTACTGTCAACAGAGTTACAGTACCCTGTACACTTTTGGCCAGGGGACCAAGCTGGAGGTCAAAC	GACATCCAGATGACCCAGTCTCCATCCTCCCTGTCTGCATCTGTAGGAGACAGAGTCACCATCACTTGCCGGGCAAGTCAGAGCATT..................AGCAGCTATTTAAATTGGTATCAGCAGAAACCAGGGAAAGCCCCTAAGCTCCTGATCTATGCTGCA.....................TCCAGTTTGCAAAGTGGGGTCCCA...TCAAGGTTCAGTGGCAGTGGA......TCTGGGACAGATTTCACTCTCACCATCAGCAGTCTGCAACCTGAAGATTTTGCAACTTACTACTGTCAACAGAGTTACAGTACCCTGTACACTTTTGGCCAGGGGACCAAGCTGGAGATCAAAC	TGTCAACAGAGTTACAGTACCCTGTACACTTTT		CAGAGCATT..................ACTAACTCT	GCTGCA.....................TCC	CAACAGAGTTACAGTACCCTGTACACT		GACATCCAGATGACCCAGTCTCCTTCCTCCCTGTCTGCATCTCCAGGAGACAGCGTCACCATCACTTGCCGGGCAAGT	TTAAATTGGTATCAGCAGAAACCAGGGAAAGCCCCTAAGCTCCTGATCTAT	AGTTTGCAAAGTGGGGTCCCA...TCAAGGTTCAGCGGCAGTGGA......TCTGGGACAGTTTTCATTCTCACCATCACCAGTCTACAACTTGAAGATTTTGCAACTTACTACTGT	TTTGGCCAGGGGACCAAGCTGGAGGTCAAAC	98S23=1X18=2X9=1X34=2X1=1X2=1X93=1X19=1X5=1X11=1X6=1X4=1X44=		381S32=1X6=	99	381	1	331					382	420	1	39	33	0		5854		GTATTCTCAGGGTACA-1	33	subject1	FALSE	GACATCCAGATGACCCAGTCTCCTTCCTCCCTGTCTGCATCTCCAGGAGACAGCGTCACCATCACTTGCCGGGCAAGTCAGAGCATTACTAACTCTTTAAATTGGTATCAGCAGAAACCAGGGAAAGCCCCTAAGCTCCTGATCTATGCTGCATCCAGTTTGCAAAGTGGGGTCCCATCAAGGTTCAGCGGCAGTGGATCTGGGACAGTTTTCATTCTCACCATCACCAGTCTACAACTTGAAGATTTTGCAACTTACTACTGTCAACAGAGTTACAGTACCCTGTACACTTTTGGCCAGGGGACCAAGCTGGAGGTCAAAC	283	1	283	283	331			39	39	60				GACATCCAGATGACCCAGTCTCCATCCTCCCTGTCTGCATCTGTAGGAGACAGAGTCACCATCACTTGCCGGGCAAGTCAGAGCATT..................AGCAGCTATTTAAATTGGTATCAGCAGAAACCAGGGAAAGCCCCTAAGCTCCTGATCTATGCTGCA.....................TCCAGTTTGCAAAGTGGGGTCCCA...TCAAGGTTCAGTGGCAGTGGA......TCTGGGACAGATTTCACTCTCACCATCAGCAGTCTGCAACCTGAAGATTTTGCAACTTACTACTGTCAACAGAGTTACAGTACCCTGTACACTTTTGGCCAGGGGACCAAGCTGGAGATCAAAC				subject1_FNA_d60_2_Y1_GTATTCTCAGGGTACA-1	IGKC	subject1_FNA_d60_2_Y1	TRUE
